Name,Age,Tm,Lg,G,PA,AB,R,H,2B,3B,HR,RBI,SB,CS,BB,SO,BA,OBP,SLG,OPS,OPS+,TB,GDP,HBP,SH,SF,IBB,Pos Summary,Name-additional
José Abreu,33,CHW,AL,60,262,240,43,76,15,0,19,60,0,0,18,59,0.317,0.37,0.617,0.987,165,148,10,3,0,1,1,*3/D,abreujo02
Ronald Acuna Jr.,22,ATL,NL,46,202,160,46,40,11,0,14,29,8,1,38,60,0.25,0.406,0.581,0.987,156,93,3,4,0,0,2,*89,acunaro01
Willy Adames,24,TBR,AL,54,205,185,29,48,15,1,8,23,2,1,20,74,0.259,0.332,0.481,0.813,126,89,4,0,0,0,0,*6/H,adamewi01
Austin Adams,29,SDP,NL,1,1,1,0,0,0,0,0,0,0,0,0,1,0,0,0,0,-100,0,0,0,0,0,0,/1,adamsau02
Matt Adams*,31,ATL,NL,16,51,49,4,9,2,0,2,9,0,0,2,18,0.184,0.216,0.347,0.563,45,17,3,0,0,0,0,D/H3,adamsma01
Jo Adell,21,LAA,AL,38,132,124,9,20,4,0,3,7,0,1,7,55,0.161,0.212,0.266,0.478,30,33,3,1,0,0,0,9/8H,adelljo01
Ehire Adrianza#,30,MIN,AL,44,101,89,10,17,7,0,0,3,1,0,11,23,0.191,0.287,0.27,0.557,57,24,3,1,0,0,0,5H/64D1,adriaeh01
Jesús Aguilar,30,MIA,NL,51,216,188,31,52,10,0,8,34,0,1,23,40,0.277,0.352,0.457,0.809,117,86,5,1,0,4,0,3D/5H,aguilje01
Nick Ahmed,30,ARI,NL,57,217,199,29,53,10,1,5,29,4,0,18,46,0.266,0.327,0.402,0.729,97,80,3,0,0,0,0,*6/H,ahmedni01
Shogo Akiyama*,32,CIN,NL,54,183,155,16,38,6,1,0,9,7,3,25,34,0.245,0.357,0.297,0.654,74,46,1,2,0,0,0,*78/HD,akiyash01
Hanser Alberto,27,BAL,AL,54,231,219,35,62,15,0,3,22,3,0,5,30,0.283,0.306,0.393,0.698,88,86,6,3,2,2,0,*4/5DH,alberha01
Ozzie Albies#,23,ATL,NL,29,124,118,21,32,5,0,6,19,3,1,5,30,0.271,0.306,0.466,0.773,100,55,0,1,0,0,0,4/H,albieoz01
Sergio Alcántara#,23,DET,AL,10,23,21,2,3,0,1,1,1,0,0,2,4,0.143,0.217,0.381,0.598,60,8,0,0,0,0,0,/45H,alcanse01
Jorge Alfaro,27,MIA,NL,31,100,93,12,21,2,0,3,16,2,0,4,36,0.226,0.28,0.344,0.624,68,32,2,3,0,0,1,2/DH9,alfarjo01
Anthony Alford,25,TOT,MLB,18,29,28,5,6,0,1,2,7,3,0,1,8,0.214,0.241,0.5,0.741,96,14,0,0,0,0,0,/87HD9,alforan01
Anthony Alford,25,TOR,AL,13,16,16,3,3,0,0,1,3,3,0,0,7,0.188,0.188,0.375,0.563,49,6,0,0,0,0,0,/7H8D9,alforan01
Anthony Alford,25,PIT,NL,5,13,12,2,3,0,1,1,4,0,0,1,1,0.25,0.308,0.667,0.974,155,8,0,0,0,0,0,/87H,alforan01
Austin Allen*,26,OAK,AL,14,32,31,1,6,1,0,1,3,0,0,1,14,0.194,0.219,0.323,0.541,49,10,0,0,0,0,0,2,allenau01
Greg Allen#,27,TOT,MLB,16,32,26,4,4,1,0,1,4,2,0,3,10,0.154,0.281,0.308,0.589,62,8,0,2,0,1,0,7/8H9,allengr01
Greg Allen#,27,CLE,AL,15,28,25,3,4,1,0,1,4,1,0,1,9,0.16,0.214,0.32,0.534,44,8,0,1,0,1,0,7/8H,allengr01
Greg Allen#,27,SDP,NL,1,4,1,1,0,0,0,0,0,1,0,2,1,0,0.75,0,0.75,138,0,0,1,0,0,0,/79,allengr01
Abraham Almonte#,31,SDP,NL,7,13,11,0,1,0,0,0,0,1,1,2,4,0.091,0.231,0.091,0.322,-5,1,0,0,0,0,0,/D7H8,almonab01
Albert Almora,26,CHC,NL,28,34,30,4,5,1,0,0,1,0,0,3,9,0.167,0.265,0.2,0.465,29,6,0,1,0,0,0,8/H,almoral01
Pete Alonso,25,NYM,NL,57,239,208,31,48,6,0,16,35,1,0,24,61,0.231,0.326,0.49,0.817,122,102,4,6,0,1,4,3D/H,alonspe01
Dan Altavilla,27,TOT,MLB,1,0,0,0,0,0,0,0,0,0,0,0,0,,,,,,0,0,0,0,0,0,1,altavda01
Dan Altavilla,27,SEA,AL,1,0,0,0,0,0,0,0,0,0,0,0,0,,,,,,0,0,0,0,0,0,1,altavda01
Jose Altuve,30,HOU,AL,48,210,192,32,42,9,0,5,18,2,3,17,39,0.219,0.286,0.344,0.629,71,66,5,1,0,0,0,*4,altuvjo01
Eddy Alvarez*,30,MIA,NL,12,41,37,6,7,1,0,0,2,2,0,3,16,0.189,0.268,0.216,0.485,34,8,0,1,0,0,0,/45H6,alvared01
Yordan Alvarez*,23,HOU,AL,2,9,8,2,2,0,0,1,4,0,0,0,1,0.25,0.333,0.625,0.958,153,5,1,1,0,0,0,/D,alvaryo01
Brian Anderson,27,MIA,NL,59,229,200,27,51,7,1,11,38,0,0,22,66,0.255,0.345,0.465,0.81,116,93,2,6,0,1,1,*5/34DH,anderbr06
Tim Anderson,27,CHW,AL,49,221,208,45,67,11,1,10,21,5,2,10,50,0.322,0.357,0.529,0.886,140,110,4,2,0,1,0,*6,anderti01
Elvis Andrus,31,TEX,AL,29,111,103,11,20,5,0,3,7,3,1,8,15,0.194,0.252,0.33,0.582,60,34,5,0,0,0,0,6/H,andruel01
Miguel Andujar,25,NYY,AL,21,65,62,5,15,2,1,1,5,0,0,3,9,0.242,0.277,0.355,0.632,75,22,1,0,0,0,0,/D75H,andujmi01
Sherten Apostel,21,TEX,AL,7,21,20,1,2,1,0,0,0,0,0,1,9,0.1,0.143,0.15,0.293,-19,3,0,0,0,0,0,/35,apostsh01
Aristides Aquino,26,CIN,NL,23,56,47,7,8,1,0,2,8,1,0,6,18,0.17,0.304,0.319,0.623,63,15,1,3,0,0,0,7/HD98,aquinar01
Jonathan Araúz#,21,BOS,AL,25,80,72,8,18,2,0,1,9,0,0,8,21,0.25,0.325,0.319,0.644,73,23,0,0,0,0,0,4/56HD,arauzjo01
Orlando Arcia,25,MIL,NL,59,189,173,22,45,10,1,5,20,2,0,14,32,0.26,0.317,0.416,0.734,95,72,10,1,0,1,0,*6/H18,arciaor01
Nolan Arenado,29,COL,NL,48,201,182,23,46,9,0,8,26,0,0,15,20,0.253,0.303,0.434,0.738,86,79,7,0,0,4,3,*5,arenano01
Randy Arozarena,25,TBR,AL,23,76,64,15,18,2,0,7,11,4,0,6,22,0.281,0.382,0.641,1.022,182,41,2,5,0,1,0,7/DH98,arozara01
Luis Arraez*,23,MIN,AL,32,121,112,16,36,9,0,0,13,0,0,8,11,0.321,0.364,0.402,0.765,113,45,2,0,0,1,0,4/H,arraelu01
Christian Arroyo,25,TOT,AL,15,54,50,7,12,1,0,3,8,0,0,4,11,0.24,0.296,0.44,0.736,93,22,2,0,0,0,0,4/65,arroych01
Christian Arroyo,25,CLE,AL,1,0,0,0,0,0,0,0,0,0,0,0,0,,,,,,0,0,0,0,0,0,/5,arroych01
Christian Arroyo,25,BOS,AL,14,54,50,7,12,1,0,3,8,0,0,4,11,0.24,0.296,0.44,0.736,93,22,2,0,0,0,0,4/6,arroych01
Willians Astudillo,28,MIN,AL,8,16,16,4,4,1,0,1,3,0,0,0,2,0.25,0.25,0.5,0.75,101,8,0,0,0,0,0,/2H,astudwi01
Alex Avila*,33,MIN,AL,23,62,49,6,9,2,0,1,2,0,0,11,22,0.184,0.355,0.286,0.641,82,14,2,2,0,0,0,2/DH,avilaal01
Harrison Bader,26,STL,NL,50,125,106,21,24,7,2,4,11,3,1,13,40,0.226,0.336,0.443,0.779,114,47,2,5,0,1,0,*8/HD,baderha01
Javier Báez,27,CHC,NL,59,235,222,27,45,9,1,8,24,3,0,7,75,0.203,0.238,0.36,0.599,59,80,8,4,0,2,0,*6/D7H,baezja01
Austin Barnes,30,LAD,NL,29,104,86,14,21,3,0,1,9,3,0,13,24,0.244,0.353,0.314,0.667,84,27,0,2,2,1,0,2/DH,barneau01
Tucker Barnhart*,29,CIN,NL,38,110,98,10,20,3,0,5,13,0,0,12,28,0.204,0.291,0.388,0.679,75,38,2,0,0,0,0,2/3H,barnhtu01
Jose Barrero,22,CIN,NL,24,68,67,4,13,0,0,0,2,1,1,1,26,0.194,0.206,0.194,0.4,6,13,1,0,0,0,0,6/HD,garcijo02
Franklin Barreto,24,TOT,AL,21,28,27,5,2,0,0,0,2,1,0,0,15,0.074,0.107,0.074,0.181,-48,2,0,1,0,0,0,H/465D7,barrefr02
Franklin Barreto,24,OAK,AL,15,10,10,5,0,0,0,0,0,0,0,0,7,0,0,0,0,-100,0,0,0,0,0,0,H/46D,barrefr02
Franklin Barreto,24,LAA,AL,6,18,17,0,2,0,0,0,2,1,0,0,8,0.118,0.167,0.118,0.284,-20,2,0,1,0,0,0,/457H6,barrefr02
Joey Bart,23,SFG,NL,33,111,103,15,24,5,2,0,7,0,0,3,41,0.233,0.288,0.32,0.609,68,33,1,5,0,0,0,2/DH,bartjo01
Luis Alexander Basabe#,23,SFG,NL,9,18,14,5,2,0,0,0,1,2,0,4,5,0.143,0.333,0.143,0.476,39,2,0,0,0,0,0,/97H,basablu01
Matt Beaty*,27,LAD,NL,21,54,50,8,11,1,0,2,5,0,0,2,14,0.22,0.278,0.36,0.638,72,18,3,2,0,0,0,3/DH7,beatyma01
Cam Bedrosian,28,LAA,AL,1,0,0,0,0,0,0,0,0,0,0,0,0,,,,,,0,0,0,0,0,0,1,bedroca01
Josh Bell#,27,PIT,NL,57,223,195,22,44,3,0,8,22,0,0,22,59,0.226,0.305,0.364,0.669,82,71,3,2,0,4,4,3D/H,belljo02
Cody Bellinger*,24,LAD,NL,56,243,213,33,51,10,0,12,30,6,1,30,42,0.239,0.333,0.455,0.789,112,97,4,0,0,0,2,83/D9,bellico01
Brandon Belt*,32,SFG,NL,51,179,149,25,46,13,1,9,30,0,0,30,36,0.309,0.425,0.591,1.015,177,88,5,0,0,0,1,*3/HD,beltbr01
Anthony Bemboom*,30,LAA,AL,21,60,48,9,10,1,0,3,5,0,1,7,13,0.208,0.328,0.417,0.744,103,20,0,2,2,1,0,2/1H,bemboan01
Andrew Benintendi*,25,BOS,AL,14,52,39,4,4,1,0,0,1,1,2,11,17,0.103,0.314,0.128,0.442,25,5,1,1,1,0,0,7/H,beninan01
Jon Berti,30,MIA,NL,39,149,120,21,31,5,0,2,14,9,2,23,37,0.258,0.388,0.35,0.738,102,42,1,3,2,1,0,4/895H6,bertijo01
Mookie Betts,27,LAD,NL,55,246,219,47,64,9,1,16,39,10,2,24,38,0.292,0.366,0.562,0.927,147,123,2,2,0,1,1,*9/D48,bettsmo01
Bo Bichette,22,TOR,AL,29,128,123,18,37,9,1,5,23,4,1,5,27,0.301,0.328,0.512,0.84,127,63,2,0,0,0,1,6/D,bichebo01
Cavan Biggio*,25,TOR,AL,59,265,220,41,55,16,0,8,28,6,0,41,61,0.25,0.375,0.432,0.807,122,95,2,3,0,0,0,495/8HD7,biggica01
Braden Bishop,26,SEA,AL,12,34,30,2,5,2,0,0,4,1,0,2,10,0.167,0.242,0.233,0.476,35,7,0,1,1,0,0,/987,bishobr01
Charlie Blackmon*,33,COL,NL,59,247,221,31,67,12,1,6,42,2,1,19,44,0.303,0.356,0.448,0.804,104,99,4,2,0,5,4,*9/D,blackch02
Travis Blankenhorn*,23,MIN,AL,1,4,3,0,1,1,0,0,0,0,0,0,0,0.333,0.5,0.667,1.167,221,2,0,1,0,0,0,/4,blanktr01
Xander Bogaerts,27,BOS,AL,56,225,203,36,61,8,0,11,28,8,0,21,41,0.3,0.364,0.502,0.867,128,102,3,0,0,1,2,*6/HD,bogaexa01
Alec Bohm,23,PHI,NL,44,180,160,24,54,11,0,4,23,1,1,16,36,0.338,0.4,0.481,0.881,137,77,4,2,0,2,0,5/3D,bohmal01
Emilio Bonifácio#,35,WSN,NL,3,3,3,1,0,0,0,0,0,0,1,0,2,0,0,0,0,-100,0,0,0,0,0,0,/H7,bonifem01
Jorge Bonifacio,27,DET,AL,30,94,86,8,19,3,0,2,17,0,0,5,26,0.221,0.277,0.326,0.602,65,28,1,2,0,1,0,79/H,bonifjo01
David Bote,27,CHC,NL,45,145,125,15,25,3,1,7,29,2,0,17,40,0.2,0.303,0.408,0.711,90,51,6,2,0,1,0,5/4HD3,boteda01
Jackie Bradley Jr.*,30,BOS,AL,55,217,191,32,54,11,0,7,22,5,2,23,48,0.283,0.364,0.45,0.814,116,86,2,2,0,1,1,*8,bradlja02
Michael Brantley*,33,HOU,AL,46,187,170,24,51,15,0,5,22,2,0,17,28,0.3,0.364,0.476,0.84,127,81,3,0,0,0,0,D7/H,brantmi02
Rob Brantly*,30,SFG,NL,1,3,3,0,0,0,0,0,0,0,0,0,0,0,0,0,0,-100,0,0,0,0,0,0,/2,brantro01
Ryan Brasier,32,BOS,AL,1,0,0,0,0,0,0,0,0,0,0,0,0,,,,,,0,0,0,0,0,0,1,brasiry01
Ryan Braun,36,MIL,NL,39,141,129,14,30,7,1,8,26,1,0,7,27,0.233,0.281,0.488,0.769,101,63,6,2,0,1,0,9D/H3,braunry02
Alex Bregman,26,HOU,AL,42,180,153,19,37,12,1,6,22,0,0,24,26,0.242,0.35,0.451,0.801,117,69,2,2,0,1,1,*5/H,bregmal01
José Briceño,27,LAA,AL,2,6,5,0,1,0,0,0,0,0,0,1,1,0.2,0.333,0.2,0.533,52,1,0,0,0,0,0,/2,bricejo01
Lewis Brinson,26,MIA,NL,47,112,106,14,24,6,0,3,12,4,0,6,30,0.226,0.268,0.368,0.636,70,39,2,0,0,0,0,*97H/8,brinsle01
Mike Brosseau,26,TBR,AL,36,98,86,12,26,5,1,5,12,2,0,8,31,0.302,0.378,0.558,0.936,160,48,1,3,0,1,0,35/4H7D19,brossmi01
Seth Brown*,27,OAK,AL,7,5,5,0,0,0,0,0,0,0,0,0,2,0,0,0,0,-100,0,0,0,0,0,0,/H3D,brownse01
Jay Bruce*,33,PHI,NL,32,103,96,11,19,4,2,6,14,0,0,7,24,0.198,0.252,0.469,0.721,89,45,1,0,0,0,1,7D/H93,bruceja01
Kris Bryant,28,CHC,NL,34,147,131,20,27,5,1,4,11,0,0,12,40,0.206,0.293,0.351,0.644,73,46,1,4,0,0,0,5/7D3,bryankr01
Drew Butera,36,COL,NL,28,43,39,4,6,2,0,0,4,0,0,2,11,0.154,0.19,0.205,0.396,2,8,3,0,1,1,0,2/31,buterdr01
Byron Buxton,26,MIN,AL,39,135,130,19,33,3,0,13,27,2,1,2,36,0.254,0.267,0.577,0.844,125,75,2,1,0,2,0,8,buxtoby01
Asdrúbal Cabrera#,34,WSN,NL,52,213,190,23,46,9,3,8,31,0,0,19,40,0.242,0.305,0.447,0.753,101,85,6,0,0,4,0,35D/H,cabreas01
Miguel Cabrera,37,DET,AL,57,231,204,28,51,4,0,10,35,1,0,24,51,0.25,0.329,0.417,0.746,104,85,3,1,0,2,1,*D/H,cabremi01
Lorenzo Cain,34,MIL,NL,5,21,18,4,6,1,0,0,2,0,0,3,2,0.333,0.429,0.389,0.817,122,7,1,0,0,0,1,/8,cainlo01
Kole Calhoun*,32,ARI,NL,54,228,190,35,43,9,0,16,40,1,1,28,50,0.226,0.338,0.526,0.864,130,100,6,6,0,4,0,*9/DH,calhoko01
Willie Calhoun*,25,TEX,AL,29,108,100,3,19,2,1,1,13,0,0,5,17,0.19,0.231,0.26,0.491,36,26,1,1,0,2,0,D/7H,calhowi01
Johan Camargo#,26,ATL,NL,35,127,120,16,24,8,0,4,9,0,0,6,35,0.2,0.244,0.367,0.611,58,44,1,1,0,0,0,45/HD,camarjo01
Daz Cameron,23,DET,AL,17,59,57,4,11,2,1,0,3,1,0,2,19,0.193,0.22,0.263,0.483,33,15,1,0,0,0,0,9/H,camerda01
Luis Campusano,21,SDP,NL,1,4,3,2,1,0,0,1,1,0,0,0,2,0.333,0.5,1.333,1.833,385,4,0,1,0,0,0,/D,campulu01
Jeimer Candelario#,26,DET,AL,52,206,185,30,55,11,3,7,29,1,1,20,49,0.297,0.369,0.503,0.872,137,93,3,1,0,0,0,*35/H,candeje01
Mark Canha,31,OAK,AL,59,243,191,32,47,12,2,5,33,4,0,37,54,0.246,0.387,0.408,0.795,124,78,2,10,0,5,1,D97/83,canhama01
Robinson Canó*,37,NYM,NL,49,182,171,23,54,9,0,10,30,0,0,9,24,0.316,0.352,0.544,0.896,143,93,7,1,0,1,1,4D/H,canoro01
Victor Caratini#,26,CHC,NL,44,132,116,10,28,7,0,1,16,0,1,12,31,0.241,0.333,0.328,0.661,80,38,4,4,0,0,1,2D/H3,caratvi01
Dylan Carlson#,21,STL,NL,35,119,110,11,22,7,1,3,16,1,1,8,35,0.2,0.252,0.364,0.616,68,40,3,0,0,1,0,987/H,carlsdy01
Matt Carpenter*,34,STL,NL,50,169,140,22,26,6,0,4,24,0,0,23,48,0.186,0.325,0.314,0.64,79,44,1,6,0,0,1,5D/3H,carpema01
Curt Casali,31,CIN,NL,31,93,76,10,17,3,0,6,8,2,0,14,29,0.224,0.366,0.5,0.866,123,38,2,3,0,0,0,2/HD,casalcu01
Nick Castellanos,28,CIN,NL,60,242,218,37,49,11,2,14,34,0,2,19,69,0.225,0.298,0.486,0.784,100,106,5,4,0,1,1,*9/DH,casteni01
Harold Castro*,26,DET,AL,22,54,49,6,17,4,0,0,3,0,0,5,11,0.347,0.407,0.429,0.836,131,21,1,0,0,0,0,/H759348D6,castrha01
Jason Castro*,33,TOT,MLB,27,92,80,8,15,9,0,2,9,0,0,12,33,0.188,0.293,0.375,0.668,83,30,2,0,0,0,0,2/H,castrja01
Jason Castro*,33,LAA,AL,18,62,52,5,10,4,0,2,6,0,0,10,23,0.192,0.323,0.385,0.707,93,20,1,0,0,0,0,2/H,castrja01
Jason Castro*,33,SDP,NL,9,30,28,3,5,5,0,0,3,0,0,2,10,0.179,0.233,0.357,0.59,61,10,1,0,0,0,0,/2,castrja01
Starlin Castro,30,WSN,NL,16,63,60,9,16,3,1,2,4,0,0,3,13,0.267,0.302,0.45,0.752,100,27,0,0,0,0,0,4,castrst01
Willi Castro#,23,DET,AL,36,140,129,21,45,4,2,6,24,0,1,7,38,0.349,0.381,0.55,0.932,153,71,0,1,1,2,0,6/54DH,castrwi01
Jake Cave*,27,MIN,AL,42,123,113,17,25,3,2,4,15,0,2,5,44,0.221,0.285,0.389,0.674,85,44,0,5,0,0,0,89H/7D,caveja01
Francisco Cervelli,34,MIA,NL,16,62,53,10,13,2,0,3,7,1,0,8,14,0.245,0.355,0.453,0.808,117,24,3,1,0,0,0,2,cervefr01
Yoenis Céspedes,34,NYM,NL,8,34,31,3,5,1,0,2,4,0,0,2,15,0.161,0.235,0.387,0.622,68,12,1,1,0,0,0,/D,cespeyo01
Yu Chang,24,CLE,AL,10,13,11,1,2,0,0,0,1,0,0,2,4,0.182,0.308,0.182,0.49,40,2,2,0,0,0,0,/H654,changyu01
Matt Chapman,27,OAK,AL,37,152,142,22,33,9,2,10,25,0,0,8,54,0.232,0.276,0.535,0.812,120,76,2,1,0,1,0,5/6,chapmma01
Michael Chavis,24,BOS,AL,42,158,146,16,31,5,2,5,19,3,0,8,50,0.212,0.259,0.377,0.636,67,55,6,2,0,2,0,37/4DH,chavimi01
Robinson Chirinos,36,TOT,MLB,26,82,74,4,12,3,0,1,7,0,0,6,21,0.162,0.232,0.243,0.475,32,18,5,1,0,1,0,2/DH,chiriro01
Robinson Chirinos,36,TEX,AL,14,49,42,3,5,1,0,0,2,0,0,5,12,0.119,0.224,0.143,0.367,5,6,3,1,0,1,0,2/DH,chiriro01
Robinson Chirinos,36,NYM,NL,12,33,32,1,7,2,0,1,5,0,0,1,9,0.219,0.242,0.375,0.617,67,12,2,0,0,0,0,2,chiriro01
Jazz Chisholm Jr.*,22,MIA,NL,21,62,56,8,9,1,1,2,6,2,2,5,19,0.161,0.242,0.321,0.563,51,18,0,1,0,0,0,4/6H,chishja01
Ji Man Choi*,29,TBR,AL,42,145,122,16,28,13,0,3,16,0,0,20,36,0.23,0.331,0.41,0.741,108,50,1,0,0,3,2,3H/D,choiji01
Shin-Soo Choo*,37,TEX,AL,33,127,110,13,26,3,0,5,15,6,2,13,33,0.236,0.323,0.4,0.723,99,44,1,2,0,2,1,7D/H9,choosh01
Zack Collins*,25,CHW,AL,9,18,16,1,1,1,0,0,0,0,0,2,5,0.063,0.167,0.125,0.292,-17,2,0,0,0,0,0,/DH23,colliza01
Christian Colón,31,CIN,NL,11,24,23,3,3,1,0,0,2,1,0,1,3,0.13,0.167,0.174,0.341,-11,4,1,0,0,0,0,/4DH3,colonch01
Michael Conforto*,27,NYM,NL,54,233,202,40,65,12,0,9,31,3,3,24,57,0.322,0.412,0.515,0.927,154,104,6,7,0,0,0,*9/DH,confomi01
William Contreras,22,ATL,NL,4,10,10,0,4,1,0,0,1,0,0,0,4,0.4,0.4,0.5,0.9,136,5,0,0,0,0,0,/2,contrwi02
Willson Contreras,28,CHC,NL,57,225,189,37,46,10,0,7,26,1,2,20,57,0.243,0.356,0.407,0.763,106,77,6,14,0,2,1,*2D,contrwi01
Garrett Cooper,29,MIA,NL,34,133,120,20,34,8,0,6,20,0,0,11,31,0.283,0.353,0.5,0.853,127,60,5,2,0,0,0,D3/H,coopega03
Ryan Cordell,28,NYM,NL,5,8,8,0,1,0,0,0,0,1,0,0,3,0.125,0.125,0.125,0.25,-30,1,0,0,0,0,0,/8H9,cordery01
Franchy Cordero*,25,KCR,AL,16,42,38,7,8,3,0,2,7,1,0,4,4,0.211,0.286,0.447,0.733,94,17,1,0,0,0,0,/98HD7,cordefr02
Carlos Correa,25,HOU,AL,58,221,201,22,53,9,0,5,25,0,0,16,49,0.264,0.326,0.383,0.709,93,77,4,3,0,1,2,*6/H,correca01
Will Craig,25,PIT,NL,2,4,4,0,0,0,0,0,0,0,0,0,1,0,0,0,0,-100,0,0,0,0,0,0,/3,craigwi01
Brandon Crawford*,33,SFG,NL,54,193,172,26,44,12,0,8,28,1,2,15,47,0.256,0.326,0.465,0.792,115,80,3,4,0,2,2,*6/H,crawfbr01
J.P. Crawford*,25,SEA,AL,53,232,204,33,52,7,2,2,24,6,3,23,39,0.255,0.336,0.338,0.674,91,69,4,3,0,2,0,*6,crawfjp01
C.J. Cron,30,DET,AL,13,52,42,9,8,3,0,4,8,0,0,9,16,0.19,0.346,0.548,0.894,141,23,2,1,0,0,0,3,croncj01
Kevin Cron,27,ARI,NL,8,20,17,0,0,0,0,0,0,0,0,1,7,0,0.15,0,0.15,-54,0,0,2,0,0,0,/DH3,cronke01
Jake Cronenworth*,26,SDP,NL,54,192,172,26,49,15,3,4,20,3,1,18,30,0.285,0.354,0.477,0.831,129,82,4,1,0,1,0,463/H5,croneja01
Nelson Cruz,39,MIN,AL,53,214,185,33,56,6,0,16,33,0,0,25,58,0.303,0.397,0.595,0.992,171,110,8,4,0,0,5,*D/H,cruzne02
Charlie Culberson,31,ATL,NL,9,7,7,2,1,1,0,0,1,0,0,0,4,0.143,0.143,0.286,0.429,9,2,0,0,0,0,0,/H34D1,culbech01
Cheslor Cuthbert,27,CHW,AL,1,1,1,0,0,0,0,0,0,0,0,0,0,0,0,0,0,-100,0,0,0,0,0,0,/5H,cuthbch01
Travis d'Arnaud,31,ATL,NL,44,184,165,19,53,8,0,9,34,1,0,16,50,0.321,0.386,0.533,0.919,139,88,8,2,0,1,0,2/DH,darnatr01
David Dahl*,26,COL,NL,24,99,93,9,17,2,2,0,9,1,0,4,28,0.183,0.222,0.247,0.47,20,23,0,1,0,1,0,8/7D9,dahlda01
Bobby Dalbec,25,BOS,AL,23,92,80,13,21,3,0,8,16,0,0,10,39,0.263,0.359,0.6,0.959,149,48,0,2,0,0,0,3/5D,dalbebo01
Matt Davidson,29,CIN,NL,20,47,43,3,7,1,0,3,11,0,0,4,13,0.163,0.234,0.395,0.629,60,17,2,0,0,0,0,DH/13,davidma02
Austin Davis*,27,TOT,NL,1,0,0,0,0,0,0,0,0,0,0,0,0,,,,,,0,0,0,0,0,0,/1,davisau01
Austin Davis*,27,PHI,NL,1,0,0,0,0,0,0,0,0,0,0,0,0,,,,,,0,0,0,0,0,0,/1,davisau01
Chris Davis*,34,BAL,AL,16,55,52,3,6,3,0,0,1,0,0,3,17,0.115,0.164,0.173,0.337,-8,9,0,0,0,0,0,3/H,davisch02
J.D. Davis,27,NYM,NL,56,229,190,26,47,9,0,6,19,0,0,31,56,0.247,0.371,0.389,0.761,111,74,8,7,0,1,1,5D/7H,davisjd01
Jaylin Davis,25,SFG,NL,4,12,12,2,2,0,0,1,1,0,0,0,6,0.167,0.167,0.417,0.583,54,5,0,0,0,0,0,/9,davisja03
Jonathan Davis,28,TOR,AL,13,34,27,4,7,2,0,1,6,1,0,3,11,0.259,0.364,0.444,0.808,121,12,1,2,0,1,0,/987H,davisjo05
Khris Davis,32,OAK,AL,30,99,85,9,17,5,0,2,10,0,0,10,26,0.2,0.303,0.329,0.632,78,28,5,3,0,1,0,D/H,daviskh01
Austin Dean,26,STL,NL,3,7,4,1,1,1,0,0,0,0,0,3,2,0.25,0.571,0.5,1.071,202,2,0,0,0,0,0,/73H9,deanau01
Paul DeJong,26,STL,NL,45,174,152,17,38,6,0,3,25,1,0,17,50,0.25,0.322,0.349,0.671,87,53,4,1,0,4,0,*6,dejonpa01
Nicky Delmonico*,27,CHW,AL,6,22,20,0,3,0,0,0,3,0,0,2,2,0.15,0.227,0.15,0.377,8,3,2,0,0,0,0,/97,delmoni01
Travis Demeritte,25,DET,AL,18,33,29,5,5,1,0,0,4,0,0,3,14,0.172,0.273,0.207,0.48,36,6,0,1,0,0,0,9/HD71,demertr01
Delino DeShields,27,CLE,AL,37,120,107,10,27,3,2,0,7,3,2,9,29,0.252,0.31,0.318,0.628,73,34,0,0,4,0,0,8/HD,deshide02
Rafael Devers*,23,BOS,AL,57,248,232,32,61,16,1,11,43,0,0,13,67,0.263,0.31,0.483,0.793,107,112,8,3,0,0,0,*5/H,deverra01
Aledmys Díaz,29,HOU,AL,17,59,58,8,14,5,0,3,6,0,0,1,12,0.241,0.254,0.483,0.737,95,28,1,0,0,0,0,4/53D7H,diazal02
Elias Díaz,29,COL,NL,26,73,68,4,16,2,0,2,9,0,0,5,15,0.235,0.288,0.353,0.641,63,24,4,0,0,0,0,2/HD,diazel01
Isan Díaz*,24,MIA,NL,7,22,22,3,4,0,0,0,1,0,0,0,7,0.182,0.182,0.182,0.364,-1,4,0,0,0,0,0,/4,diazis01
Lewin Díaz*,23,MIA,NL,14,41,39,2,6,2,0,0,3,0,0,2,12,0.154,0.195,0.205,0.4,9,8,2,0,0,0,0,3/HD,diazle01
Yandy Díaz,28,TBR,AL,34,138,114,16,35,3,0,2,11,0,0,23,17,0.307,0.428,0.386,0.814,133,44,6,1,0,0,1,5/DH3,diazya01
Alex Dickerson*,30,SFG,NL,52,170,151,28,45,10,1,10,27,0,0,16,30,0.298,0.371,0.576,0.947,156,87,5,2,0,1,2,*7H/9D,dickeal01
Corey Dickerson*,31,MIA,NL,52,210,194,25,50,5,1,7,17,1,1,15,35,0.258,0.311,0.402,0.713,91,78,5,0,0,0,1,*7/DH9,dickeco01
Derek Dietrich*,30,TEX,AL,25,75,61,9,12,1,0,5,8,1,1,9,21,0.197,0.347,0.459,0.806,121,28,4,5,0,0,0,/D3H45,dietrde01
Wilmer Difo#,28,WSN,NL,12,18,14,1,1,0,0,0,1,0,0,3,4,0.071,0.222,0.071,0.294,-14,1,0,0,0,1,0,/4H65D,difowi01
Brandon Dixon,28,DET,AL,5,14,13,0,1,1,0,0,2,0,0,1,4,0.077,0.143,0.154,0.297,-18,2,1,0,0,0,0,/37H4,dixonbr01
Josh Donaldson,34,MIN,AL,28,102,81,14,18,2,0,6,11,0,0,18,24,0.222,0.373,0.469,0.842,132,38,4,2,0,1,1,5/H,donaljo02
Brian Dozier,33,NYM,NL,7,16,15,1,2,0,0,0,0,0,0,1,5,0.133,0.188,0.133,0.321,-9,2,1,0,0,0,0,/4DH,doziebr01
Hunter Dozier,28,KCR,AL,44,186,158,29,36,4,2,6,12,4,0,27,48,0.228,0.344,0.392,0.736,99,62,3,1,0,0,0,39/75,doziehu01
Brandon Drury,27,TOR,AL,21,49,46,3,7,1,0,0,1,0,0,2,9,0.152,0.184,0.174,0.358,0,8,0,0,0,1,0,5/46H,drurybr01
Mauricio Dubón,25,SFG,NL,54,177,157,21,43,4,1,4,19,2,3,15,36,0.274,0.337,0.389,0.726,100,61,4,1,1,2,0,*8/46H,dubonma01
Steven Duggar*,26,SFG,NL,21,36,34,3,6,2,0,0,3,1,0,1,11,0.176,0.222,0.235,0.458,27,8,1,1,0,0,0,7/98H,duggast01
Adam Duvall,31,ATL,NL,57,209,190,34,45,8,0,16,33,0,0,15,54,0.237,0.301,0.532,0.833,114,101,2,3,0,1,0,*79/H8D,duvalad01
Jarrod Dyson*,35,TOT,MLB,32,66,61,9,11,0,0,0,5,6,0,4,11,0.18,0.231,0.18,0.411,15,11,0,0,1,0,0,8/H7D9,dysonja01
Jarrod Dyson*,35,PIT,NL,21,55,51,6,8,0,0,0,5,4,0,4,10,0.157,0.218,0.157,0.375,5,8,0,0,0,0,0,8/H,dysonja01
Jarrod Dyson*,35,CHW,AL,11,11,10,3,3,0,0,0,0,2,0,0,1,0.3,0.3,0.3,0.6,67,3,0,0,1,0,0,/7H8D9,dysonja01
Adam Eaton*,31,WSN,NL,41,176,159,22,36,11,1,4,17,3,0,12,32,0.226,0.285,0.384,0.669,79,61,4,1,4,0,1,*9/H,eatonad02
Tommy Edman#,25,STL,NL,55,227,204,29,51,7,1,5,26,2,4,16,48,0.25,0.317,0.368,0.685,90,75,5,5,0,2,0,596/47H,edmanto01
Seth Elledge,24,STL,NL,1,0,0,0,0,0,0,0,0,0,0,0,0,,,,,,0,0,0,0,0,0,1,elledse01
Edwin Encarnación,37,CHW,AL,44,181,159,19,25,5,0,10,19,0,0,16,54,0.157,0.25,0.377,0.627,70,60,3,4,0,1,0,*D/H,encared01
Adam Engel,28,CHW,AL,36,93,88,11,26,5,1,3,12,1,0,3,19,0.295,0.333,0.477,0.811,120,42,1,2,0,0,0,9H/78,engelad01
Phil Ervin,27,TOT,MLB,37,89,74,10,11,3,0,0,4,1,0,14,22,0.149,0.292,0.189,0.481,35,14,2,1,0,0,0,9H7/8D,ervinph01
Phil Ervin,27,CIN,NL,19,42,35,5,3,0,0,0,0,1,0,6,8,0.086,0.238,0.086,0.324,-10,3,1,1,0,0,0,H7/8D9,ervinph01
Phil Ervin,27,SEA,AL,18,47,39,5,8,3,0,0,4,0,0,8,14,0.205,0.34,0.282,0.622,79,11,1,0,0,0,0,9/H,ervinph01
Eduardo Escobar#,31,ARI,NL,54,222,203,22,43,7,3,4,20,1,0,15,41,0.212,0.27,0.335,0.605,63,68,5,2,0,2,4,*5/D4,escobed01
Santiago Espinal,25,TOR,AL,26,66,60,10,16,4,0,0,6,1,0,4,16,0.267,0.308,0.333,0.641,77,20,1,0,1,1,0,6/H51,espinsa01
Thairo Estrada,24,NYY,AL,26,52,48,8,8,0,0,1,3,1,0,1,19,0.167,0.231,0.229,0.46,29,11,0,3,0,0,0,4/5H6,estrath01
Phillip Evans,27,PIT,NL,11,45,39,6,14,2,0,1,9,0,1,5,7,0.359,0.444,0.487,0.932,155,19,1,1,0,0,0,/5379,evansph01
Kyle Farmer,29,CIN,NL,32,70,64,4,17,3,0,0,4,1,0,5,13,0.266,0.329,0.313,0.641,69,20,0,1,0,0,0,64/573H,farmeky01
Derek Fisher*,26,TOR,AL,16,39,31,5,7,2,1,1,7,0,1,7,11,0.226,0.359,0.452,0.811,122,14,0,0,0,1,0,9/7HD,fishede01
David Fletcher,26,LAA,AL,49,230,207,31,66,13,0,3,18,2,1,20,25,0.319,0.376,0.425,0.801,120,88,4,0,1,2,0,64/59,fletcda02
Wilmer Flores,28,SFG,NL,55,213,198,30,53,11,1,12,32,1,0,13,36,0.268,0.315,0.515,0.83,124,102,5,1,0,1,1,D34/H5,florewi01
Estevan Florial*,22,NYY,AL,1,3,3,0,1,0,0,0,0,0,0,0,2,0.333,0.333,0.333,0.667,87,1,0,0,0,0,0,/8,flories01
Tyler Flowers,34,ATL,NL,22,80,69,5,15,6,0,1,5,0,0,8,34,0.217,0.325,0.348,0.673,78,24,1,3,0,0,0,2,flowety01
Mike Ford*,27,NYY,AL,29,84,74,5,10,4,0,2,11,0,0,7,16,0.135,0.226,0.27,0.496,38,20,4,2,0,1,0,3H/D,fordmi01
Logan Forsythe,33,MIA,NL,12,38,34,2,4,1,0,1,2,0,0,4,12,0.118,0.211,0.235,0.446,21,8,0,0,0,0,0,/43D1,forsylo01
Matt Foster,25,CHW,AL,1,0,0,0,0,0,0,0,0,0,0,0,0,,,,,,0,0,0,0,0,0,1,fostema01
Dexter Fowler#,34,STL,NL,31,101,90,14,21,2,0,4,15,1,1,10,28,0.233,0.317,0.389,0.706,95,35,2,1,0,0,0,9/DH,fowlede01
Jake Fraley*,25,SEA,AL,7,29,26,3,4,1,1,0,0,2,1,2,11,0.154,0.241,0.269,0.511,44,7,0,1,0,0,0,/97,fraleja01
Ty France,25,TOT,MLB,43,155,141,19,43,9,1,4,23,0,0,11,37,0.305,0.368,0.468,0.836,133,66,3,3,0,0,0,D4/H53,francty01
Ty France,25,SDP,NL,20,61,55,9,17,4,0,2,10,0,0,5,15,0.309,0.377,0.491,0.868,140,27,1,1,0,0,0,D/H35,francty01
Ty France,25,SEA,AL,23,94,86,10,26,5,1,2,13,0,0,6,22,0.302,0.362,0.453,0.815,128,39,2,2,0,0,0,4/D5,francty01
Maikel Franco,27,KCR,AL,60,243,223,23,62,16,0,8,38,1,0,16,38,0.278,0.321,0.457,0.778,108,102,4,0,0,4,1,*5/D3,francma02
Adam Frazier*,28,PIT,NL,58,230,209,22,48,7,0,7,23,1,3,17,35,0.23,0.297,0.364,0.661,79,76,3,3,1,0,0,*47/HD,fraziad01
Clint Frazier,25,NYY,AL,39,160,131,24,35,6,1,8,26,3,0,25,44,0.267,0.394,0.511,0.905,150,67,5,3,0,1,0,9/7D,frazicl01
Todd Frazier,34,TOT,MLB,45,172,157,16,37,9,1,4,12,1,1,11,42,0.236,0.302,0.382,0.684,88,60,1,4,0,0,0,53/1H,frazito01
Todd Frazier,34,TEX,AL,31,121,108,11,26,7,1,2,7,1,1,10,26,0.241,0.322,0.38,0.702,94,41,0,3,0,0,0,35/H,frazito01
Todd Frazier,34,NYM,NL,14,51,49,5,11,2,0,2,5,0,0,1,16,0.224,0.255,0.388,0.643,74,19,1,1,0,0,0,5/1,frazito01
Freddie Freeman*,30,ATL,NL,60,262,214,51,73,23,1,13,53,2,0,45,37,0.341,0.462,0.64,1.102,187,137,6,3,0,0,7,*3/DH,freemfr01
Mike Freeman*,32,CLE,AL,24,43,38,5,9,3,0,0,3,0,0,3,11,0.237,0.302,0.316,0.618,70,12,0,1,0,1,0,H/5476D3,freemmi01
Joshua Fuentes,27,COL,NL,30,103,98,14,30,7,0,2,17,1,0,2,29,0.306,0.32,0.439,0.759,92,43,1,1,0,2,0,3/5H79,fuentjo01
Cam Gallagher,27,KCR,AL,25,60,53,10,15,5,0,1,3,0,0,6,11,0.283,0.356,0.434,0.79,113,23,0,0,1,0,0,2,gallaca01
Joey Gallo*,26,TEX,AL,57,226,193,23,35,8,0,10,26,2,0,29,79,0.181,0.301,0.378,0.679,87,73,0,4,0,0,2,*9/DH8,gallojo01
Freddy Galvis#,30,CIN,NL,47,159,141,18,31,5,0,7,16,1,1,13,30,0.22,0.308,0.404,0.712,84,57,5,5,0,0,0,64/H,galvifr01
Ben Gamel*,28,MIL,NL,40,127,114,13,27,8,1,3,10,0,2,13,39,0.237,0.315,0.404,0.718,91,46,4,0,0,0,0,98/H7,gamelbe01
Adolis García,27,TEX,AL,3,7,6,0,0,0,0,0,0,0,0,1,4,0,0.143,0,0.143,-55,0,0,0,0,0,0,/7,garciad02
Avisaíl García,29,MIL,NL,53,207,181,20,43,10,0,2,15,1,3,20,49,0.238,0.333,0.326,0.659,78,59,2,6,0,0,2,*8/9DH,garciav01
Greg Garcia*,30,SDP,NL,35,71,60,6,12,3,0,0,11,1,0,7,18,0.2,0.279,0.25,0.529,50,15,0,0,3,1,0,H45D,garcigr01
Leury Garcia#,29,CHW,AL,16,63,59,6,16,1,0,3,8,0,0,4,9,0.271,0.317,0.441,0.758,106,26,0,0,0,0,0,6/49H,garcile02
Luis García*,20,WSN,NL,40,139,134,18,37,6,0,2,16,1,1,5,29,0.276,0.302,0.366,0.668,81,49,3,0,0,0,0,4/6H,garcilu04
Brett Gardner*,36,NYY,AL,49,158,130,20,29,5,1,5,15,3,3,26,35,0.223,0.354,0.392,0.747,109,51,0,1,0,1,0,*78/HD,gardnbr01
Kyle Garlick,28,PHI,NL,12,23,22,0,3,1,0,0,3,0,0,0,7,0.136,0.174,0.182,0.356,-3,4,0,1,0,0,0,/79HD,garliky01
Dustin Garneau,32,HOU,AL,17,46,38,4,6,0,1,1,4,0,0,6,15,0.158,0.273,0.289,0.562,54,11,1,0,2,0,0,2/H,garnedu01
Mitch Garver,29,MIN,AL,23,81,72,8,12,1,0,2,5,0,0,7,37,0.167,0.247,0.264,0.511,42,19,1,1,0,1,0,2/H3,garvemi01
Andrés Giménez*,21,NYM,NL,49,132,118,22,31,3,2,3,12,8,1,7,28,0.263,0.333,0.398,0.732,101,47,0,6,0,1,0,645/H,gimenan01
Ryan Goins*,32,CHW,AL,14,10,9,4,0,0,0,0,0,0,0,1,1,0,0.1,0,0.1,-69,0,0,0,0,0,0,/HD564,goinsry01
Paul Goldschmidt,32,STL,NL,58,231,191,31,58,13,0,6,21,1,0,37,43,0.304,0.417,0.466,0.883,145,89,4,1,0,1,0,*3/D,goldspa01
Yan Gomes,32,WSN,NL,30,119,109,14,31,6,1,4,13,1,0,6,22,0.284,0.319,0.468,0.787,110,51,1,1,0,3,0,2,gomesya01
Tony Gonsolin,26,LAD,NL,1,0,0,0,0,0,0,0,0,0,0,0,0,,,,,,0,0,0,0,0,0,/1,gonsoto01
Erik González,28,PIT,NL,50,193,181,14,41,13,1,3,20,2,3,8,51,0.227,0.255,0.359,0.614,65,65,5,0,1,3,0,65/HD,gonzaer01
Luis González*,24,CHW,AL,3,2,1,1,0,0,0,0,0,0,0,0,1,0,0.5,0,0.5,57,0,0,1,0,0,0,/H8D7,gonzalu03
Marwin Gonzalez#,31,MIN,AL,53,199,175,15,37,4,0,5,22,0,0,17,41,0.211,0.286,0.32,0.606,69,56,1,3,0,4,0,543/9H,gonzama01
Niko Goodrum#,28,DET,AL,43,179,158,15,29,7,1,5,20,7,1,18,69,0.184,0.263,0.335,0.598,63,53,4,0,0,3,0,64/H,goodrni01
Brian Goodwin*,29,TOT,MLB,50,164,144,17,31,9,1,6,22,5,0,17,54,0.215,0.299,0.417,0.715,90,60,1,1,0,2,1,*879/HD,goodwbr01
Brian Goodwin*,29,LAA,AL,30,109,95,12,23,7,1,4,17,1,0,12,35,0.242,0.33,0.463,0.793,115,44,0,1,0,1,1,79/8H,goodwbr01
Brian Goodwin*,29,CIN,NL,20,55,49,5,8,2,0,2,5,4,0,5,19,0.163,0.236,0.327,0.563,45,16,1,0,0,1,0,8/H7D9,goodwbr01
Alex Gordon*,36,KCR,AL,50,184,163,15,34,4,0,4,11,0,0,18,37,0.209,0.299,0.307,0.606,65,50,0,3,0,0,0,*7/H,gordoal01
Terrance Gore,29,LAD,NL,2,0,0,0,0,0,0,0,0,0,0,0,0,,,,,,0,0,0,0,0,0,/8DH,gorete01
Phil Gosselin,31,PHI,NL,39,102,92,14,23,5,0,3,12,0,0,10,27,0.25,0.324,0.402,0.726,95,37,3,0,0,0,1,D/H37945,gosseph01
Yasmani Grandal#,31,CHW,AL,46,194,161,27,37,7,0,8,27,0,0,30,58,0.23,0.351,0.422,0.773,112,68,4,1,0,2,0,2/D3H,grandya01
Chad Green*,29,NYY,AL,1,0,0,0,0,0,0,0,0,0,0,0,0,,,,,,0,0,0,0,0,0,1,greench03
Didi Gregorius*,30,PHI,NL,60,237,215,34,61,10,2,10,40,3,2,15,28,0.284,0.339,0.488,0.827,120,105,4,4,1,2,3,*6/H,gregodi01
Grayson Greiner,27,DET,AL,18,55,51,8,6,2,0,3,8,0,0,3,20,0.118,0.182,0.333,0.515,38,17,2,1,0,0,0,2,greingr01
Randal Grichuk,28,TOR,AL,55,231,216,38,59,9,0,12,35,1,1,13,49,0.273,0.312,0.481,0.793,114,104,5,0,0,2,1,*8/D,grichra01
Trent Grisham*,23,SDP,NL,59,252,215,42,54,8,3,10,26,10,1,31,64,0.251,0.352,0.456,0.808,123,98,1,3,1,1,0,*8/H,grishtr01
Robbie Grossman#,30,OAK,AL,51,192,166,23,40,12,2,8,23,8,1,21,38,0.241,0.344,0.482,0.826,128,80,1,5,0,0,2,*7/H8D9,grossro01
Deivy Grullón,24,BOS,AL,1,4,3,0,1,0,0,0,1,0,0,1,1,0.333,0.5,0.333,0.833,130,1,0,0,0,0,0,/2,grullde01
Vladimir Guerrero Jr.,21,TOR,AL,60,243,221,34,58,13,2,9,33,1,0,20,38,0.262,0.329,0.462,0.791,115,102,6,2,0,0,1,3D/H,guerrvl02
Luis Guillorme*,25,NYM,NL,29,68,57,6,19,6,0,0,9,2,0,10,17,0.333,0.426,0.439,0.865,140,25,3,0,0,1,0,4/H561,guilllu01
Lourdes Gurriel Jr.,26,TOR,AL,57,224,208,28,64,14,0,11,33,3,1,14,48,0.308,0.348,0.534,0.882,138,111,7,0,0,2,0,*7/HD3,gurrilo01
Yuli Gurriel,36,HOU,AL,57,230,211,27,49,12,1,6,22,0,1,12,27,0.232,0.274,0.384,0.658,77,81,6,2,0,5,0,*3/DH,gourryu01
Kelvin Gutiérrez,25,KCR,AL,4,12,9,0,1,0,0,0,0,0,0,3,6,0.111,0.333,0.111,0.444,29,1,0,0,0,0,0,/5DH,gutieke01
Ronald Guzmán*,25,TEX,AL,26,86,78,10,19,1,1,4,9,1,0,7,24,0.244,0.314,0.436,0.75,105,34,0,1,0,0,0,3/H,guzmaro01
Jedd Gyorko,31,MIL,NL,42,135,117,19,29,3,0,9,17,0,0,15,38,0.248,0.333,0.504,0.838,120,59,4,1,0,2,1,35/HD1,gyorkje01
Eric Haase,27,DET,AL,7,19,17,1,3,0,0,0,2,0,0,1,6,0.176,0.211,0.176,0.387,9,3,0,0,0,1,0,/2,haaseer01
Josh Hader*,26,MIL,NL,1,0,0,0,0,0,0,0,0,0,0,0,0,,,,,,0,0,0,0,0,0,1,haderjo01
Sam Haggerty#,26,SEA,AL,13,54,50,7,13,4,0,1,6,4,0,4,16,0.26,0.315,0.4,0.715,100,20,0,0,0,0,0,7/5D9,haggesa01
Billy Hamilton,29,TOT,NL,31,36,32,10,4,0,0,1,2,6,2,2,7,0.125,0.171,0.219,0.39,6,7,0,0,1,1,0,8H/D,hamilbi02
Billy Hamilton,29,NYM,NL,17,25,22,4,1,0,0,0,1,3,1,1,3,0.045,0.083,0.045,0.129,-63,1,0,0,1,1,0,8/HD,hamilbi02
Billy Hamilton,29,CHC,NL,14,11,10,6,3,0,0,1,1,3,1,1,4,0.3,0.364,0.6,0.964,154,6,0,0,0,0,0,8/HD,hamilbi02
Garrett Hampson,25,COL,NL,53,184,167,25,39,4,3,5,11,6,1,13,60,0.234,0.287,0.383,0.671,70,64,1,0,3,1,0,48/H76D,hampsga01
Ian Happ#,25,CHC,NL,57,231,198,27,51,11,1,12,28,1,3,30,63,0.258,0.361,0.505,0.866,131,100,1,2,1,0,1,*87/9H3D,happia01
Bryce Harper*,27,PHI,NL,58,244,190,41,51,9,2,13,33,8,2,49,43,0.268,0.42,0.542,0.962,158,103,5,2,1,2,8,*9D/8,harpebr03
Josh Harrison,32,WSN,NL,33,91,79,11,22,2,0,3,14,1,2,6,12,0.278,0.352,0.418,0.769,108,33,2,4,0,2,0,45/HD793,harrijo05
Monte Harrison,24,MIA,NL,32,51,47,8,8,1,0,1,3,6,0,4,26,0.17,0.235,0.255,0.491,33,12,0,0,0,0,0,89H,harrimo01
Adam Haseley*,24,PHI,NL,40,92,79,7,22,5,0,0,13,0,0,7,17,0.278,0.348,0.342,0.69,88,27,3,2,3,1,1,87/9H,haselad01
Ke'Bryan Hayes,23,PIT,NL,24,95,85,17,32,7,2,5,11,1,0,9,20,0.376,0.442,0.682,1.124,201,58,2,1,0,0,2,5,hayeske01
Austin Hays,24,BAL,AL,33,134,122,20,34,2,0,4,9,2,3,8,25,0.279,0.328,0.393,0.722,96,48,1,2,0,2,0,87/9H,haysau01
Ryon Healy,28,MIL,NL,4,7,7,0,1,0,0,0,0,0,0,0,2,0.143,0.143,0.143,0.286,-23,1,0,0,0,0,0,/3DH,healyry01
Nick Heath*,26,KCR,AL,15,18,13,2,2,1,0,0,3,2,2,2,6,0.154,0.313,0.231,0.543,51,3,0,1,1,0,0,/H8D7,heathni01
Adeiny Hechavarria,31,ATL,NL,27,63,59,7,15,3,0,0,2,0,0,4,12,0.254,0.302,0.305,0.607,61,18,1,0,0,0,0,4/5H6D,hechaad01
Austin Hedges,27,TOT,MLB,35,83,69,7,10,1,0,3,6,1,1,6,23,0.145,0.231,0.29,0.521,44,20,3,2,5,1,0,2/DH,hedgeau01
Austin Hedges,27,SDP,NL,29,71,57,7,9,1,0,3,6,1,1,6,18,0.158,0.258,0.333,0.591,63,19,3,2,5,1,0,2/DH,hedgeau01
Austin Hedges,27,CLE,AL,6,12,12,0,1,0,0,0,0,0,0,0,5,0.083,0.083,0.083,0.167,-54,1,0,0,0,0,0,/2,hedgeau01
Jonah Heim#,25,OAK,AL,13,41,38,5,8,0,0,0,5,0,0,3,3,0.211,0.268,0.211,0.479,37,8,1,0,0,0,0,2/DH,heimjo01
Scott Heineman,27,TEX,AL,24,54,52,6,8,3,0,1,7,3,0,2,11,0.154,0.185,0.269,0.454,24,14,1,0,0,0,0,8/H7D39,heinesc01
Tyler Heineman#,29,SFG,NL,15,50,42,3,8,1,0,0,1,1,0,4,6,0.19,0.292,0.214,0.506,44,9,0,2,2,0,0,2/1,heinety01
Kyle Hendricks,30,CHC,NL,1,0,0,0,0,0,0,0,0,0,0,0,0,,,,,,0,0,0,0,0,0,1,hendrky01
Guillermo Heredia,29,TOT,NL,15,36,33,6,7,0,0,2,5,1,0,3,9,0.212,0.278,0.394,0.672,82,13,0,0,0,0,0,/89H,heredgu01
Guillermo Heredia,29,PIT,NL,8,18,16,2,3,0,0,0,2,1,0,2,4,0.188,0.278,0.188,0.465,31,3,0,0,0,0,0,/98H,heredgu01
Guillermo Heredia,29,NYM,NL,7,18,17,4,4,0,0,2,3,0,0,1,5,0.235,0.278,0.588,0.866,130,10,0,0,0,0,0,/8H,heredgu01
Michael Hermosillo,25,LAA,AL,7,10,8,0,2,0,0,0,2,1,0,1,1,0.25,0.3,0.25,0.55,54,2,0,0,0,1,0,/78H,hermomi01
César Hernández#,30,CLE,AL,58,261,233,35,66,20,0,3,20,0,0,24,57,0.283,0.355,0.408,0.763,109,95,3,2,1,0,0,*4/H,hernace02
Enrique Hernández,28,LAD,NL,48,148,139,20,32,8,1,5,20,0,1,6,31,0.23,0.27,0.41,0.68,81,57,5,2,0,1,0,4H/9783D6,hernaen02
Óscar Hernández,26,KCR,AL,4,4,4,1,2,0,0,0,0,0,0,0,1,0.5,0.5,0.5,1,173,2,1,0,0,0,0,/2H,hernaos01
Teoscar Hernández,27,TOR,AL,50,207,190,33,55,7,0,16,34,6,1,14,63,0.289,0.34,0.579,0.919,146,110,4,1,0,1,0,*9/8DH,hernate01
Yadiel Hernández*,32,WSN,NL,12,28,26,3,5,3,0,1,6,0,0,1,12,0.192,0.214,0.423,0.637,67,11,0,0,0,1,0,/DH9,hernaya01
Dilson Herrera,26,BAL,AL,3,6,5,0,0,0,0,0,0,0,0,0,4,0,0.167,0,0.167,-48,0,0,1,0,0,0,/38H,herredi01
Jason Heyward*,30,CHC,NL,50,181,147,20,39,6,2,6,22,2,0,30,37,0.265,0.392,0.456,0.848,129,67,1,2,0,2,1,*9/H,heywaja01
Aaron Hicks#,30,NYY,AL,54,211,169,28,38,10,2,6,21,4,1,41,38,0.225,0.379,0.414,0.793,122,70,4,1,0,0,1,*8/HD,hicksaa01
Kyle Higashioka,30,NYY,AL,16,48,48,7,12,1,0,4,10,0,0,0,11,0.25,0.25,0.521,0.771,107,25,0,0,0,0,0,2/HD,higasky01
Derek Hill,24,DET,AL,15,12,11,3,1,0,0,0,0,0,0,1,6,0.091,0.167,0.091,0.258,-26,1,0,0,0,0,0,8/HD,hillde01
Tim Hill,30,SDP,NL,1,1,1,0,0,0,0,0,0,0,0,0,1,0,0,0,0,-100,0,0,0,0,0,0,1,hillti01
Sam Hilliard*,26,COL,NL,36,114,105,13,22,2,2,6,10,3,0,9,42,0.21,0.272,0.438,0.71,77,46,0,0,0,0,0,798/HD,hillisa01
Keston Hiura,23,MIL,NL,59,246,217,30,46,4,0,13,32,3,2,16,85,0.212,0.297,0.41,0.707,87,89,7,11,0,2,2,*4D,hiurake01
Nico Hoerner,23,CHC,NL,48,126,108,19,24,4,0,0,13,3,2,12,24,0.222,0.312,0.259,0.571,57,28,3,3,0,2,0,46/5H8D7,hoernni01
Bryan Holaday,32,BAL,AL,20,33,31,5,5,1,0,0,4,0,0,2,9,0.161,0.212,0.194,0.406,12,6,1,0,0,0,0,2/H3D1,holadbr01
Jonathan Holder,27,NYY,AL,1,0,0,1,0,0,0,0,0,0,0,0,0,,,,,,0,0,0,0,0,0,1,holdejo02
Brock Holt*,32,TOT,NL,36,106,95,12,20,6,0,0,5,1,0,9,24,0.211,0.283,0.274,0.557,52,26,3,1,0,1,0,5/7H39D1,holtbr01
Brock Holt*,32,MIL,NL,16,36,30,1,3,0,0,0,1,0,0,4,9,0.1,0.222,0.1,0.322,-9,3,2,1,0,1,0,5/H79,holtbr01
Brock Holt*,32,WSN,NL,20,70,65,11,17,6,0,0,4,1,0,5,15,0.262,0.314,0.354,0.668,81,23,1,0,0,0,0,/753HD19,holtbr01
Rhys Hoskins,27,PHI,NL,41,185,151,35,37,9,0,10,26,1,0,29,43,0.245,0.384,0.503,0.887,138,76,4,5,0,0,0,*3/D,hoskirh01
Eric Hosmer*,30,SDP,NL,38,156,143,23,41,6,0,9,36,4,0,9,28,0.287,0.333,0.517,0.851,132,74,3,2,0,2,0,3/DH,hosmeer01
Joe Hudson,29,SEA,AL,9,20,17,0,3,0,0,0,0,0,0,2,5,0.176,0.263,0.176,0.44,28,3,0,0,1,0,0,/2,hudsojo03
Sam Huff,22,TEX,AL,10,33,31,5,11,3,0,3,4,0,0,2,11,0.355,0.394,0.742,1.136,204,23,0,0,0,0,0,2,huffsa01
José Iglesias,30,BAL,AL,39,150,142,16,53,17,0,3,24,0,0,3,17,0.373,0.4,0.556,0.956,157,79,1,4,0,1,0,6D/H,iglesjo01
Raisel Iglesias,30,CIN,NL,1,0,0,0,0,0,0,0,0,0,0,0,0,,,,,,0,0,0,0,0,0,1,iglesra01
Ender Inciarte*,29,ATL,NL,46,131,116,17,22,2,1,1,10,4,1,12,25,0.19,0.262,0.25,0.512,36,29,0,0,1,2,0,*8/H,inciaen01
Alex Jackson,24,ATL,NL,5,7,7,0,2,1,0,0,0,0,0,0,4,0.286,0.286,0.429,0.714,85,3,1,0,0,0,0,/2H,jacksal02
Travis Jankowski*,29,CIN,NL,16,17,15,3,1,0,0,0,0,2,1,2,7,0.067,0.176,0.067,0.243,-32,1,1,0,0,0,0,/8H9D7,jankotr01
Danny Jansen,25,TOR,AL,43,147,120,18,22,3,0,6,20,0,0,21,31,0.183,0.313,0.358,0.671,85,43,1,2,3,1,0,*2/H,janseda01
Jon Jay*,35,ARI,NL,18,57,50,5,8,1,0,1,4,0,0,3,12,0.16,0.211,0.24,0.451,22,12,0,1,0,3,0,/987DH,jayjo02
Ryan Jeffers,23,MIN,AL,26,62,55,5,15,0,0,3,7,0,0,5,19,0.273,0.355,0.436,0.791,119,24,0,2,0,0,0,2/DH,jeffery01
Jeremy Jeffress,32,CHC,NL,2,0,0,0,0,0,0,0,0,0,0,0,0,,,,,,0,0,0,0,0,0,1,jeffrje01
Eloy Jiménez,23,CHW,AL,55,226,213,26,63,14,0,14,41,0,0,12,56,0.296,0.332,0.559,0.891,139,119,4,0,0,1,0,*7/D,jimenel02
Daniel Johnson*,24,CLE,AL,5,13,12,0,1,0,0,0,0,0,0,1,5,0.083,0.154,0.083,0.237,-32,1,0,0,0,0,1,/97H,johnsda07
JaCoby Jones,28,DET,AL,30,108,97,19,26,9,0,5,14,1,1,7,34,0.268,0.333,0.515,0.849,129,50,1,3,0,1,0,8/H,jonesja07
Jahmai Jones,22,LAA,AL,3,7,7,2,3,0,0,0,1,0,0,0,2,0.429,0.429,0.429,0.857,137,3,0,0,0,0,0,/4H,jonesja08
Taylor Jones,26,HOU,AL,7,22,21,3,4,1,0,1,3,0,0,1,7,0.19,0.227,0.381,0.608,62,8,2,0,0,0,0,/D3H,jonesta01
Caleb Joseph,34,TOR,AL,3,9,8,2,1,0,0,1,2,0,0,1,1,0.125,0.222,0.5,0.722,90,4,0,0,0,0,0,/2,josepca01
Matt Joyce*,35,MIA,NL,46,148,127,16,32,4,0,2,14,1,0,20,41,0.252,0.351,0.331,0.682,87,42,3,0,0,1,0,97D/H,joycema01
Aaron Judge,28,NYY,AL,28,114,101,23,26,3,0,9,22,0,1,10,32,0.257,0.336,0.554,0.891,143,56,5,2,0,0,0,9/DH,judgeaa01
Trevor Kelley,27,PHI,NL,1,0,0,0,0,0,0,0,0,0,0,0,0,,,,,,0,0,0,0,0,0,/1,kelletr01
Carson Kelly,25,ARI,NL,39,129,122,11,27,5,0,5,19,0,0,6,29,0.221,0.264,0.385,0.649,73,47,4,1,0,0,0,2/HD1,kellyca02
Matt Kemp,35,COL,NL,43,132,117,18,28,3,0,6,21,1,0,15,41,0.239,0.326,0.419,0.745,89,49,5,0,0,0,1,DH/7,kempma01
Tony Kemp*,28,OAK,AL,49,114,93,15,23,5,0,0,4,3,1,15,14,0.247,0.363,0.301,0.664,90,28,0,3,1,2,0,*4/H7D,kempto01
Howie Kendrick,36,WSN,NL,25,100,91,11,25,4,0,2,14,0,0,7,17,0.275,0.32,0.385,0.705,91,35,4,0,0,2,2,D/3,kendrho01
Max Kepler*,27,MIN,AL,48,196,171,27,39,9,0,9,23,3,0,22,36,0.228,0.321,0.439,0.76,109,75,1,2,0,1,0,*9/8HD,keplema01
Carter Kieboom,22,WSN,NL,33,122,99,15,20,1,0,0,9,0,1,17,33,0.202,0.344,0.212,0.556,57,21,6,5,0,1,0,5/HD,kieboca01
Kevin Kiermaier*,30,TBR,AL,49,159,138,16,30,5,3,3,22,8,1,20,42,0.217,0.321,0.362,0.683,93,50,2,1,0,0,1,*8/H,kiermke01
Craig Kimbrel,32,CHC,NL,3,0,0,0,0,0,0,0,0,0,0,0,0,,,,,,0,0,0,0,0,0,1,kimbrcr01
Isiah Kiner-Falefa,25,TEX,AL,58,228,211,28,59,4,3,3,10,8,5,14,32,0.28,0.329,0.37,0.699,93,78,6,2,0,1,0,*56/H,kineris01
Scott Kingery,26,PHI,NL,36,124,113,12,18,5,0,3,6,0,0,9,35,0.159,0.228,0.283,0.511,37,32,1,1,1,0,0,4/8H6,kingesc01
Jason Kipnis*,33,CHC,NL,44,135,114,13,27,8,1,3,16,1,0,18,41,0.237,0.341,0.404,0.744,101,46,1,1,0,2,0,4/DH3,kipnija01
Alejandro Kirk,21,TOR,AL,9,25,24,4,9,2,0,1,3,0,0,1,4,0.375,0.4,0.583,0.983,166,14,0,0,0,0,0,/2DH,kirkal01
Andrew Knapp#,28,PHI,NL,33,89,72,9,20,4,1,2,15,0,0,15,19,0.278,0.404,0.444,0.849,130,32,1,1,0,1,0,2/HD3,knappan01
Andrew Knizner,25,STL,NL,8,17,16,1,4,1,0,0,4,0,0,0,5,0.25,0.235,0.313,0.548,50,5,2,0,0,1,0,/2HD,kniznan01
Adam Kolarek*,31,LAD,NL,1,0,0,0,0,0,0,0,0,0,0,0,0,,,,,,0,0,0,0,0,0,1/9,kolarad01
Erik Kratz,40,NYY,AL,16,30,28,2,9,2,0,0,4,0,0,2,6,0.321,0.367,0.393,0.76,113,11,0,0,0,0,0,2/31,kratzer01
Tommy La Stella*,31,TOT,AL,55,228,196,31,55,14,2,5,25,1,0,27,12,0.281,0.37,0.449,0.819,126,88,6,2,1,2,0,43/D5H,lasteto01
Tommy La Stella*,31,LAA,AL,28,117,99,15,27,8,0,4,14,1,0,15,7,0.273,0.371,0.475,0.845,130,47,3,1,1,1,0,43/DH,lasteto01
Tommy La Stella*,31,OAK,AL,27,111,97,16,28,6,2,1,11,0,0,12,5,0.289,0.369,0.423,0.792,122,41,3,1,0,1,0,4/5D,lasteto01
Juan Lagares,31,NYM,NL,2,0,0,0,0,0,0,0,0,0,0,0,0,,,,,,0,0,0,0,0,0,/8H,lagarju01
Travis Lakins Sr.,26,BAL,AL,1,0,0,1,0,0,0,0,0,0,0,0,0,,,,,,0,0,0,0,0,0,1,lakintr01
Jake Lamb*,29,TOT,MLB,31,99,88,7,17,5,0,3,10,0,1,8,25,0.193,0.283,0.352,0.635,74,31,1,3,0,0,0,53/D,lambja01
Jake Lamb*,29,ARI,NL,18,50,43,2,5,1,0,0,1,0,1,6,17,0.116,0.24,0.14,0.38,7,6,0,1,0,0,0,3/5D,lambja01
Jake Lamb*,29,OAK,AL,13,49,45,5,12,4,0,3,9,0,0,2,8,0.267,0.327,0.556,0.882,141,25,1,2,0,0,0,5/D,lambja01
Ramón Laureano,25,OAK,AL,54,222,183,27,39,8,1,6,25,2,1,24,58,0.213,0.338,0.366,0.704,98,67,7,12,0,3,0,*8/D,laurera01
Ryan Lavarnway,32,MIA,NL,5,11,11,0,4,0,0,0,0,0,0,0,2,0.364,0.364,0.364,0.727,98,4,0,0,0,0,0,/2,lavarry01
DJ LeMahieu,31,NYY,AL,50,216,195,41,71,10,2,10,27,3,0,18,21,0.364,0.421,0.59,1.011,178,115,3,2,0,1,0,435/HD,lemahdj01
Sandy León#,31,CLE,AL,25,81,66,4,9,1,0,2,4,0,0,14,21,0.136,0.296,0.242,0.539,51,16,2,1,0,0,0,2/HD,leonsa01
Kyle Lewis,24,SEA,AL,58,242,206,37,54,3,0,11,28,5,1,34,71,0.262,0.364,0.437,0.801,124,90,5,0,0,2,0,*8/DH,lewisky01
Tzu-Wei Lin*,26,BOS,AL,26,57,52,2,8,1,0,0,3,0,0,2,17,0.154,0.182,0.173,0.355,-4,9,1,0,2,1,0,6/4H7982D1,lintz02
Francisco Lindor#,26,CLE,AL,60,266,236,30,61,13,0,8,27,6,2,24,41,0.258,0.335,0.415,0.75,104,98,8,4,0,2,2,*6/D,lindofr01
Tim Locastro,27,ARI,NL,33,82,69,15,20,4,1,2,7,4,0,8,14,0.29,0.395,0.464,0.859,133,32,0,4,1,0,0,8H/79D,locasti01
Shed Long Jr.*,24,SEA,AL,34,128,117,10,20,5,0,3,9,4,0,11,37,0.171,0.242,0.291,0.533,49,34,1,0,0,0,0,4/HD7,longsh01
Evan Longoria,34,SFG,NL,53,209,193,26,49,10,1,7,28,0,1,11,39,0.254,0.297,0.425,0.722,96,82,10,2,0,3,0,*5/H,longoev01
Tim Lopes,26,SEA,AL,46,151,143,16,34,12,0,2,15,5,0,6,34,0.238,0.278,0.364,0.642,79,52,2,2,0,0,0,D79/H51,lopesti01
Nicky Lopez*,25,KCR,AL,56,192,169,15,34,8,0,1,13,0,5,18,41,0.201,0.286,0.266,0.552,51,45,1,2,3,0,0,*4/65H,lopezni01
Michael Lorenzen,28,CIN,NL,6,1,0,2,0,0,0,0,0,0,0,0,0,,1,,,,0,0,1,0,0,0,1/H8,lorenmi01
Brandon Lowe*,25,TBR,AL,56,224,193,36,52,9,2,14,37,3,0,25,58,0.269,0.362,0.554,0.916,154,107,2,4,0,2,0,*4/H97D3,lowebr01
Nathaniel Lowe*,24,TBR,AL,21,76,67,10,15,2,0,4,11,1,0,9,28,0.224,0.316,0.433,0.749,109,29,2,0,0,0,2,3/D5H,lowena01
Jonathan Lucroy,34,BOS,AL,1,0,0,0,0,0,0,0,0,0,0,0,0,,,,,,0,0,0,0,0,0,/2,lucrojo01
Dawel Lugo,25,DET,AL,9,11,10,3,2,0,0,0,1,0,0,1,1,0.2,0.273,0.2,0.473,34,2,1,0,0,0,0,/5HD4,lugoda01
Jordan Luplow,26,CLE,AL,29,92,78,8,15,5,1,2,8,0,1,12,19,0.192,0.304,0.359,0.663,81,28,3,1,0,1,0,7/9H,luplojo01
Gavin Lux*,22,LAD,NL,19,69,63,8,11,2,0,3,8,1,0,6,19,0.175,0.246,0.349,0.596,59,22,0,0,0,0,0,4/D,luxga01
Manny Machado,27,SDP,NL,60,254,224,44,68,12,1,16,47,6,3,26,37,0.304,0.37,0.58,0.95,160,130,9,0,0,4,4,*5/D,machama01
Vimael Machín*,26,OAK,AL,24,71,63,11,13,2,0,0,0,0,0,8,10,0.206,0.296,0.238,0.534,53,15,4,0,0,0,0,5/6D43H,machivi01
Nick Madrigal,23,CHW,AL,29,109,103,8,35,3,0,0,11,2,1,4,7,0.34,0.376,0.369,0.745,107,38,5,2,0,0,0,4,madrini01
Martín Maldonado,33,HOU,AL,47,165,135,19,29,4,0,6,24,1,0,27,51,0.215,0.35,0.378,0.727,99,51,2,1,2,0,0,*2,maldoma01
Rafael Marchán#,21,PHI,NL,3,9,8,3,4,0,0,1,3,0,0,1,2,0.5,0.556,0.875,1.431,279,7,0,0,0,0,0,/2,marchra01
Manuel Margot,25,TBR,AL,47,159,145,19,39,9,0,1,11,12,4,13,25,0.269,0.327,0.352,0.679,93,51,0,0,0,1,0,*879/HD,margoma01
Jake Marisnick,29,NYM,NL,16,34,33,4,11,3,0,2,5,0,0,1,10,0.333,0.353,0.606,0.959,158,20,0,0,0,0,0,8/H,marisja01
Nick Markakis*,36,ATL,NL,37,141,130,15,33,15,0,1,15,0,1,10,23,0.254,0.312,0.392,0.704,85,51,5,1,0,0,0,9/7HD,markani01
José Marmolejos*,27,SEA,AL,35,115,107,12,22,4,0,6,18,0,1,7,32,0.206,0.261,0.411,0.672,85,44,2,1,0,0,0,7D/3H9,marmojo01
Ketel Marte#,26,ARI,NL,45,195,181,19,52,14,1,2,17,1,0,7,21,0.287,0.323,0.409,0.732,97,74,2,4,0,3,0,*4/86D,marteke01
Starling Marte,31,TOT,NL,61,250,228,36,64,14,1,6,27,10,2,12,41,0.281,0.34,0.43,0.77,107,98,5,9,0,1,1,*8/7H,martest01
Starling Marte,31,ARI,NL,33,138,122,23,38,8,1,2,14,5,2,10,19,0.311,0.384,0.443,0.827,124,54,3,5,0,1,1,8/7,martest01
Starling Marte,31,MIA,NL,28,112,106,13,26,6,0,4,13,5,0,2,22,0.245,0.286,0.415,0.701,86,44,2,4,0,0,0,8/H,martest01
Jason Martin*,24,PIT,NL,7,11,9,2,0,0,0,0,0,0,0,2,4,0,0.182,0,0.182,-44,0,0,0,0,0,0,/8H7,martija03
J.D. Martinez,32,BOS,AL,54,237,211,22,45,16,0,7,27,1,0,22,59,0.213,0.291,0.389,0.68,79,82,6,2,0,2,3,*D/97,martijd02
José Martínez,31,TOT,MLB,34,98,88,10,16,4,0,2,10,0,0,10,27,0.182,0.265,0.295,0.561,57,26,6,0,0,0,1,DH/3,martijo08
José Martínez,31,TBR,AL,24,76,67,10,16,4,0,2,10,0,0,9,20,0.239,0.329,0.388,0.717,102,26,5,0,0,0,1,D/H3,martijo08
José Martínez,31,CHC,NL,10,22,21,0,0,0,0,0,0,0,0,1,7,0,0.045,0,0.045,-86,0,1,0,0,0,0,/DH,martijo08
Jorge Mateo,25,SDP,NL,22,28,26,4,4,3,0,0,2,1,0,1,11,0.154,0.185,0.269,0.454,25,7,1,0,1,0,0,H/4D798,mateojo01
Mark Mathias,25,MIL,NL,16,36,36,2,10,3,0,0,4,1,0,0,7,0.278,0.278,0.361,0.639,70,13,0,0,0,0,0,/9H7D348,mathima01
Jeff Mathis,37,TEX,AL,24,68,62,6,10,1,1,3,9,1,0,5,24,0.161,0.221,0.355,0.575,56,22,0,0,0,1,0,2/H,mathije01
Wyatt Mathisen,26,ARI,NL,9,33,27,5,6,0,0,2,5,0,0,5,12,0.222,0.364,0.444,0.808,118,12,0,1,0,0,0,/5DH,mathiwy01
Cameron Maybin,33,TOT,MLB,32,101,93,8,23,8,1,1,7,3,0,7,25,0.247,0.307,0.387,0.694,88,36,4,1,0,0,0,9/H78D,maybica01
Cameron Maybin,33,DET,AL,14,45,41,5,10,4,0,1,2,0,0,4,13,0.244,0.311,0.415,0.726,98,17,3,0,0,0,0,9/HD,maybica01
Cameron Maybin,33,CHC,NL,18,56,52,3,13,4,1,0,5,3,0,3,12,0.25,0.304,0.365,0.669,80,19,1,1,0,0,0,/97H8D,maybica01
Jack Mayfield,29,HOU,AL,21,47,42,5,8,1,0,0,3,0,0,2,14,0.19,0.239,0.214,0.453,26,9,1,1,1,1,0,/564HD,mayfija01
Nomar Mazara*,25,CHW,AL,42,149,136,13,31,6,0,1,15,0,1,10,44,0.228,0.295,0.294,0.589,64,40,0,3,0,0,0,*9/H,mazarno01
Ryan McBroom,28,KCR,AL,36,85,81,8,20,3,0,6,10,0,0,4,30,0.247,0.282,0.506,0.789,107,41,2,0,0,0,0,H3/D79,mcbrory01
James McCann,30,CHW,AL,31,111,97,20,28,3,0,7,15,1,1,8,30,0.289,0.36,0.536,0.896,143,52,2,4,0,2,0,2/H,mccanja02
Joe McCarthy*,26,SFG,NL,4,10,10,0,0,0,0,0,0,0,0,0,5,0,0,0,0,-100,0,0,0,0,0,0,/79,mccarjo04
Andrew McCutchen,33,PHI,NL,57,241,217,32,55,9,0,10,34,4,0,22,48,0.253,0.324,0.433,0.757,102,94,4,1,0,1,0,7D/H,mccutan01
Reese McGuire*,25,TOR,AL,19,45,41,2,3,0,0,1,1,0,0,0,11,0.073,0.073,0.146,0.22,-42,6,1,0,4,0,0,2/H,mcguire01
Billy McKinney*,25,TOR,AL,2,3,3,1,2,0,0,0,0,0,0,0,0,0.667,0.667,0.667,1.333,270,2,0,0,0,0,0,/7H9,mckinbi01
Zach McKinstry*,25,LAD,NL,4,7,7,1,2,1,0,0,0,0,0,0,3,0.286,0.286,0.429,0.714,90,3,1,0,0,0,0,/HD49,mckinza01
Ryan McMahon*,25,COL,NL,52,193,172,23,37,6,1,9,26,0,1,18,66,0.215,0.295,0.419,0.714,80,72,4,2,0,1,0,453/H6,mcmahry01
Jeff McNeil*,28,NYM,NL,52,209,183,19,57,14,0,4,23,0,2,20,24,0.311,0.383,0.454,0.836,130,83,3,3,0,3,2,74/59DH,mcneije01
Austin Meadows*,25,TBR,AL,36,152,132,19,27,8,1,4,13,2,1,17,50,0.205,0.296,0.371,0.667,87,49,0,1,0,2,0,7/D9H,meadoau01
Erick Mejia#,25,KCR,AL,8,16,14,1,1,1,0,0,0,1,0,0,7,0.071,0.071,0.143,0.214,-44,2,0,0,1,0,0,/5H74,mejiaer01
Francisco Mejía#,24,SDP,NL,17,42,39,5,3,1,0,1,2,0,0,1,9,0.077,0.143,0.179,0.322,-11,7,1,2,0,0,0,2/H,mejiafr01
Mark Melancon,35,ATL,NL,1,0,0,0,0,0,0,0,0,0,0,0,0,,,,,,0,0,0,0,0,0,1,melanma01
Danny Mendick,26,CHW,AL,33,114,107,11,26,4,1,3,6,0,1,6,25,0.243,0.281,0.383,0.664,81,41,3,0,0,1,0,4/65,mendida01
Óscar Mercado,25,CLE,AL,36,93,86,6,11,1,0,1,6,3,0,5,27,0.128,0.174,0.174,0.348,-4,15,0,0,1,1,0,87/HD,mercaos01
Yermín Mercedes,27,CHW,AL,1,1,1,0,0,0,0,0,0,0,0,0,0,0,0,0,0,-100,0,0,0,0,0,0,/DH,merceye01
Jordy Mercer,33,TOT,AL,9,22,20,2,4,0,0,0,0,0,0,2,2,0.2,0.273,0.2,0.473,35,4,1,0,0,0,0,/635H,mercejo03
Jordy Mercer,33,DET,AL,3,9,9,1,2,0,0,0,0,0,0,0,1,0.222,0.222,0.222,0.444,23,2,1,0,0,0,0,/35H,mercejo03
Jordy Mercer,33,NYY,AL,6,13,11,1,2,0,0,0,0,0,0,2,1,0.182,0.308,0.182,0.49,42,2,0,0,0,0,0,/6,mercejo03
Whit Merrifield,31,KCR,AL,60,265,248,38,70,12,0,9,30,12,3,12,33,0.282,0.325,0.44,0.764,105,109,3,4,0,1,0,*984/73,merriwh01
Brad Miller*,30,STL,NL,48,171,142,21,33,8,1,7,25,1,0,25,46,0.232,0.357,0.451,0.807,122,64,2,3,0,1,1,D5/H64,millebr02
Ian Miller*,28,CHC,NL,1,0,0,0,0,0,0,0,0,0,0,0,0,,,,,,0,0,0,0,0,0,/H,milleia01
Alec Mills,28,CHC,NL,1,1,1,0,0,0,0,0,0,0,0,0,1,0,0,0,0,-100,0,0,0,0,0,0,1/H,millsal02
Yadier Molina,37,STL,NL,42,156,145,12,38,2,0,4,16,0,0,6,21,0.262,0.303,0.359,0.662,83,52,7,3,1,1,0,*2/3,molinya01
Yoán Moncada#,25,CHW,AL,52,231,200,28,45,8,3,6,24,0,0,28,72,0.225,0.32,0.385,0.705,94,77,1,1,0,2,0,*5/H,moncayo01
Adalberto Mondesí#,24,KCR,AL,59,233,219,33,56,11,3,6,22,24,8,11,70,0.256,0.294,0.416,0.71,90,91,4,1,2,0,0,*6,mondera02
Mickey Moniak*,22,PHI,NL,8,18,14,3,3,0,0,0,0,0,0,4,6,0.214,0.389,0.214,0.603,70,3,0,0,0,0,0,/7HD9,moniami01
Dylan Moore,27,SEA,AL,38,159,137,26,35,9,0,8,17,12,5,14,43,0.255,0.358,0.496,0.855,138,68,4,8,0,0,0,794/3658H,mooredy01
Colin Moran*,27,PIT,NL,52,200,178,28,44,10,0,10,23,0,0,19,52,0.247,0.325,0.472,0.797,114,84,9,2,0,1,0,D3/5H,moranco01
Mitch Moreland*,34,TOT,MLB,42,152,136,22,36,9,0,10,29,0,0,15,32,0.265,0.342,0.551,0.894,138,75,0,1,0,0,2,3/HD,morelmi01
Mitch Moreland*,34,BOS,AL,22,79,67,14,22,4,0,8,21,0,0,11,18,0.328,0.43,0.746,1.177,205,50,0,1,0,0,1,3/H,morelmi01
Mitch Moreland*,34,SDP,NL,20,73,69,8,14,5,0,2,8,0,0,4,14,0.203,0.247,0.362,0.609,67,25,0,0,0,0,1,3/DH,morelmi01
Logan Morrison*,32,MIL,NL,9,28,25,3,3,1,0,1,2,0,0,3,8,0.12,0.214,0.28,0.494,31,7,0,0,0,0,0,/DH3,morrilo01
Ryan Mountcastle,23,BAL,AL,35,140,126,12,42,5,0,5,23,0,1,11,30,0.333,0.386,0.492,0.878,137,62,2,1,0,2,0,73/DH,mountry01
Mike Moustakas*,31,CIN,NL,44,163,139,13,32,9,0,8,27,1,0,18,36,0.23,0.331,0.468,0.799,105,65,5,4,0,2,1,43/D5H,moustmi01
Cedric Mullins*,25,BAL,AL,48,153,140,16,38,4,3,3,12,7,2,8,37,0.271,0.315,0.407,0.723,95,57,0,1,4,0,0,*8/79HD,mullice01
Max Muncy*,29,LAD,NL,58,248,203,36,39,4,0,12,27,1,0,39,60,0.192,0.331,0.389,0.72,95,79,3,4,0,2,2,354/D,muncyma01
Yairo Muñoz,25,BOS,AL,12,45,45,6,15,5,0,1,4,2,0,0,11,0.333,0.333,0.511,0.844,121,23,1,0,0,0,0,/79D,munozya01
Daniel Murphy*,35,COL,NL,40,132,123,10,29,3,0,3,16,0,0,7,21,0.236,0.275,0.333,0.608,55,41,3,0,0,1,2,3/HD,murphda08
John Ryan Murphy,29,PIT,NL,25,63,58,6,10,2,0,0,2,0,0,4,28,0.172,0.226,0.207,0.433,20,12,1,0,1,0,0,2/1H,murphjr01
Sean Murphy,25,OAK,AL,43,140,116,21,27,5,0,7,14,0,0,24,37,0.233,0.364,0.457,0.821,129,53,6,0,0,0,0,*2/H,murphse01
Wil Myers,29,SDP,NL,55,218,198,34,57,14,2,15,40,2,1,18,56,0.288,0.353,0.606,0.959,160,120,0,2,0,0,0,*9/3D,myerswi01
Tyler Naquin*,29,CLE,AL,40,141,133,15,29,8,1,4,20,0,1,5,40,0.218,0.248,0.383,0.632,70,51,3,1,0,2,0,9/H,naquity01
Omar Narváez*,28,MIL,NL,40,126,108,8,19,4,0,2,10,0,0,16,39,0.176,0.294,0.269,0.562,53,29,1,2,0,0,0,2/H,narvaom01
Brian Navarreto,25,MIA,NL,2,5,5,0,2,0,0,0,0,0,0,0,1,0.4,0.4,0.4,0.8,118,2,0,0,0,0,0,/2,navarbr01
Josh Naylor*,23,TOT,MLB,40,104,97,13,24,3,1,1,6,1,0,5,12,0.247,0.291,0.33,0.621,71,32,2,1,0,0,0,7H/D39,naylojo01
Josh Naylor*,23,SDP,NL,18,38,36,4,10,0,1,1,4,1,0,1,4,0.278,0.316,0.417,0.732,102,15,2,1,0,0,0,/DH937,naylojo01
Josh Naylor*,23,CLE,AL,22,66,61,9,14,3,0,0,2,0,0,4,8,0.23,0.277,0.279,0.556,54,17,0,0,0,0,0,7/H3,naylojo01
Hector Neris,31,PHI,NL,1,0,0,0,0,0,0,0,0,0,0,0,0,,,,,,0,0,0,0,0,0,1,nerishe01
Kevin Newman,26,PIT,NL,44,172,156,12,35,5,0,1,10,0,1,12,21,0.224,0.281,0.276,0.556,53,43,1,1,1,2,0,64/H,newmake01
Tomás Nido,26,NYM,NL,7,26,24,4,7,1,0,2,6,0,0,2,6,0.292,0.346,0.583,0.929,150,14,2,0,0,0,0,/2,nidoto01
Brandon Nimmo*,27,NYM,NL,55,225,186,33,52,8,3,8,18,1,2,33,43,0.28,0.404,0.484,0.888,145,90,1,6,0,0,0,*879/H,nimmobr01
John Nogowski,27,STL,NL,1,4,4,0,1,0,0,0,0,0,0,0,1,0.25,0.25,0.25,0.5,40,1,0,0,0,0,0,/3,nogowjo01
Aaron Nola,27,PHI,NL,1,0,0,0,0,0,0,0,0,0,0,0,0,,,,,,0,0,0,0,0,0,1,nolaaa01
Austin Nola,30,TOT,MLB,48,184,161,24,44,9,1,7,28,0,0,18,34,0.273,0.353,0.472,0.825,129,76,3,3,0,2,1,*2/DH35,nolaau01
Austin Nola,30,SEA,AL,29,110,98,15,30,5,1,5,19,0,0,9,17,0.306,0.373,0.531,0.903,151,52,1,2,0,1,1,2/H35D,nolaau01
Austin Nola,30,SDP,NL,19,74,63,9,14,4,0,2,9,0,0,9,17,0.222,0.324,0.381,0.705,96,24,2,1,0,1,0,2/D,nolaau01
Jake Noll,26,WSN,NL,7,17,17,2,6,1,0,0,0,0,0,0,4,0.353,0.353,0.412,0.765,107,7,1,0,0,0,0,/3HD5,nollja01
Jacob Nottingham,25,MIL,NL,20,54,48,8,9,1,0,4,13,0,0,5,20,0.188,0.278,0.458,0.736,93,22,1,1,0,0,0,2/H,nottija01
Eduardo Núñez,33,NYM,NL,2,2,2,0,1,0,0,0,0,1,0,0,0,0.5,0.5,0.5,1,178,1,0,0,0,0,0,/DH9,nunezed02
Renato Núñez,26,BAL,AL,52,216,195,29,50,10,0,12,31,0,0,17,64,0.256,0.324,0.492,0.816,118,96,4,3,0,1,0,3D/5H,nunezre01
Brian O'Grady*,28,TBR,AL,2,5,5,2,2,1,0,0,0,1,0,0,1,0.4,0.4,0.6,1,178,3,0,0,0,0,0,/387,ogradbr01
Ryan O'Hearn*,26,KCR,AL,42,132,113,7,22,6,0,2,18,0,0,18,37,0.195,0.303,0.301,0.604,65,34,5,0,0,1,2,3H/D,ohearry01
Tyler O'Neill,25,STL,NL,50,157,139,20,24,5,0,7,19,3,1,15,43,0.173,0.261,0.36,0.621,70,50,3,2,0,1,0,*7/HD,oneilty01
Joseph Odom,28,SEA,AL,18,44,39,2,5,0,0,0,2,0,0,4,20,0.128,0.209,0.128,0.338,-1,5,1,0,1,0,0,2/H,odomjo01
Rougned Odor*,26,TEX,AL,38,148,138,15,23,4,0,10,30,0,1,7,47,0.167,0.209,0.413,0.623,66,57,2,1,0,2,0,4/D,odorro01
Shohei Ohtani*,25,LAA,AL,44,175,153,23,29,6,0,7,24,7,1,22,50,0.19,0.291,0.366,0.657,79,56,3,0,0,0,0,*D/H1,ohtansh01
Jared Oliva,24,PIT,NL,6,16,16,0,3,0,0,0,0,1,0,0,6,0.188,0.188,0.188,0.375,3,3,0,0,0,0,0,/78H,olivaja01
Edward Olivares,24,TOT,MLB,31,101,96,9,23,2,1,3,10,0,2,4,25,0.24,0.267,0.375,0.642,73,36,1,0,0,1,0,789/HD,olivaed02
Edward Olivares,24,SDP,NL,13,36,34,4,6,1,0,1,3,0,1,2,14,0.176,0.222,0.294,0.516,43,10,0,0,0,0,0,/79H8D,olivaed02
Edward Olivares,24,KCR,AL,18,65,62,5,17,1,1,2,7,0,1,2,11,0.274,0.292,0.419,0.712,90,26,1,0,0,1,0,8/79,olivaed02
Matt Olson*,26,OAK,AL,60,245,210,28,41,4,1,14,42,1,0,34,77,0.195,0.31,0.424,0.734,103,89,2,1,0,0,2,*3,olsonma02
Jorge Oña,23,SDP,NL,5,15,12,3,3,1,0,1,2,0,0,2,7,0.25,0.4,0.583,0.983,170,7,0,1,0,0,0,/D9,onajo01
Nate Orf,30,OAK,AL,6,7,7,1,0,0,0,0,0,0,0,0,1,0,0,0,0,-100,0,0,0,0,0,0,/H64,orfna01
José Osuna,27,PIT,NL,26,82,78,6,16,3,0,4,11,0,1,4,16,0.205,0.244,0.397,0.641,71,31,1,0,0,0,0,/395D7H,osunajo01
Chris Owings,28,COL,NL,17,44,41,9,11,1,0,2,5,1,0,3,11,0.268,0.318,0.439,0.757,91,18,0,0,0,0,0,/4H58796,owingch01
Marcell Ozuna,29,ATL,NL,60,267,228,38,77,14,0,18,56,0,0,38,60,0.338,0.431,0.636,1.067,177,145,3,0,0,1,3,D7/9,ozunama01
Cristian Pache,21,ATL,NL,2,4,4,0,1,0,0,0,0,0,0,0,2,0.25,0.25,0.25,0.5,33,1,0,0,0,0,0,/7,pachecr01
Emilio Pagán*,29,SDP,NL,1,0,0,0,0,0,0,0,0,0,0,0,0,,,,,,0,0,0,0,0,0,1,paganem01
Joe Panik*,29,TOR,AL,41,141,120,18,27,6,0,1,7,0,0,20,27,0.225,0.34,0.3,0.64,79,36,4,1,0,0,0,465/HD,panikjo01
Isaac Paredes,21,DET,AL,34,108,100,7,22,4,0,1,6,0,0,8,24,0.22,0.278,0.29,0.568,57,29,1,0,0,0,0,5/HD,paredis01
Blake Parker,35,PHI,NL,1,0,0,0,0,0,0,0,0,0,0,0,0,,,,,,0,0,0,0,0,0,1,parkebl01
Mark Payton*,28,CIN,NL,8,20,18,0,3,1,0,0,0,1,0,2,5,0.167,0.25,0.222,0.472,25,4,1,0,0,0,0,/7HD,paytoma01
Joc Pederson*,28,LAD,NL,43,138,121,21,23,4,0,7,16,1,0,11,34,0.19,0.285,0.397,0.681,83,48,5,5,0,0,0,7D/9H,pederjo01
Hunter Pence,37,SFG,NL,17,56,52,4,5,0,1,2,6,0,0,3,15,0.096,0.161,0.25,0.411,11,13,3,1,0,0,0,/D79H,pencehu01
David Peralta*,32,ARI,NL,54,218,203,19,61,10,1,5,34,1,0,13,45,0.3,0.339,0.433,0.773,108,88,4,0,0,2,0,*7/DH,peralda01
José Peraza,26,BOS,AL,34,120,111,13,25,8,1,1,8,1,1,5,18,0.225,0.275,0.342,0.617,64,38,3,3,0,1,0,4/7H65D1,perazjo01
Hernán Pérez,29,CHC,NL,3,6,6,0,1,0,0,0,0,0,0,0,2,0.167,0.167,0.167,0.333,-9,1,0,0,0,0,0,/34D7H,perezhe01
Michael Perez*,27,TBR,AL,38,93,84,7,14,3,0,1,13,0,0,7,27,0.167,0.237,0.238,0.475,35,20,3,1,0,1,0,2/3H,perezmi03
Roberto Pérez,31,CLE,AL,32,110,97,6,16,2,0,1,5,0,0,11,38,0.165,0.264,0.216,0.48,34,21,2,2,0,0,0,2,perezro02
Salvador Perez,30,KCR,AL,37,156,150,22,50,12,0,11,32,1,0,3,36,0.333,0.353,0.633,0.986,159,95,0,2,0,1,0,2/3D,perezsa02
Jace Peterson*,30,MIL,NL,26,61,45,6,9,1,0,2,5,1,0,15,20,0.2,0.393,0.356,0.749,104,16,0,0,0,1,0,9/H3574,peterja01
Tommy Pham,32,SDP,NL,31,125,109,13,23,2,0,3,12,6,0,15,27,0.211,0.312,0.312,0.624,75,34,2,1,0,0,0,7D,phamth01
Josh Phegley,32,CHC,NL,11,18,16,4,1,0,0,1,2,0,0,1,3,0.063,0.167,0.25,0.417,11,4,0,1,0,0,0,/DH2,phegljo01
David Phelps,33,TOT,NL,1,0,0,0,0,0,0,0,0,0,0,0,0,,,,,,0,0,0,0,0,0,1,phelpda01
David Phelps,33,MIL,NL,1,0,0,0,0,0,0,0,0,0,0,0,0,,,,,,0,0,0,0,0,0,1,phelpda01
Brett Phillips*,26,TOT,AL,35,59,51,10,10,0,2,2,5,6,1,8,15,0.196,0.305,0.392,0.697,91,20,0,0,0,0,0,89/7HD,phillbr02
Brett Phillips*,26,KCR,AL,18,34,31,8,7,0,1,1,2,3,1,3,8,0.226,0.294,0.387,0.681,83,12,0,0,0,0,0,8/H79D,phillbr02
Brett Phillips*,26,TBR,AL,17,25,20,2,3,0,1,1,3,3,0,5,7,0.15,0.32,0.4,0.72,102,8,0,0,0,0,0,/987HD,phillbr02
Kevin Pillar,31,TOT,MLB,54,223,208,34,60,12,3,6,26,5,2,13,41,0.288,0.336,0.462,0.798,106,96,4,2,0,0,1,*89/HD7,pillake01
Kevin Pillar,31,BOS,AL,30,126,117,20,32,7,2,4,13,1,1,8,23,0.274,0.325,0.47,0.795,109,55,4,1,0,0,0,9/8H7D,pillake01
Kevin Pillar,31,COL,NL,24,97,91,14,28,5,1,2,13,4,1,5,18,0.308,0.351,0.451,0.801,103,41,0,1,0,0,1,8/DH9,pillake01
Manny Piña,33,MIL,NL,15,45,39,4,9,1,0,2,5,0,0,3,11,0.231,0.333,0.41,0.744,98,16,0,3,0,0,0,2/H,pinama01
Chad Pinder,28,OAK,AL,24,61,56,8,13,3,0,2,8,0,0,5,13,0.232,0.295,0.393,0.688,91,22,3,0,0,0,0,4/H57D9,pindech01
Stephen Piscotty,29,OAK,AL,45,171,159,17,36,6,0,5,29,4,0,9,53,0.226,0.271,0.358,0.629,75,57,4,1,1,1,0,*9/H,piscost01
Kevin Plawecki,29,BOS,AL,24,89,82,8,28,5,1,1,17,1,0,5,14,0.341,0.393,0.463,0.857,128,38,4,2,0,0,0,2/3D1,plaweke01
Adam Plutko,28,CLE,AL,1,0,0,0,0,0,0,0,0,0,0,0,0,,,,,,0,0,0,0,0,0,1,plutkad01
Gregory Polanco*,28,PIT,NL,50,174,157,12,24,6,0,7,22,3,1,13,65,0.153,0.214,0.325,0.539,44,51,1,0,0,3,0,9/DH,polangr01
Jorge Polanco#,26,MIN,AL,55,226,209,22,54,8,0,4,19,4,2,13,35,0.258,0.304,0.354,0.658,82,74,7,1,2,1,0,*6/H,polanjo01
AJ Pollock,32,LAD,NL,55,210,196,30,54,9,0,16,34,2,2,12,45,0.276,0.314,0.566,0.881,132,111,6,0,0,2,1,*78D/H,polloaj01
Jurickson Profar#,27,SDP,NL,56,202,180,28,50,6,0,7,25,7,1,15,28,0.278,0.343,0.428,0.771,114,77,1,4,1,2,0,74/H938D,profaju01
César Puello,29,BOS,AL,5,11,8,1,3,0,0,0,0,0,0,2,2,0.375,0.5,0.375,0.875,140,3,0,0,1,0,0,/97,puellce01
Albert Pujols,40,LAA,AL,39,163,152,15,34,8,0,6,25,0,0,9,25,0.224,0.27,0.395,0.665,79,60,4,1,0,1,1,3D/H,pujolal01
Roman Quinn#,27,PHI,NL,41,116,108,14,23,3,1,2,7,12,0,5,39,0.213,0.261,0.315,0.576,55,34,0,2,1,0,0,8/H9,quinnro01
Harold Ramírez,25,MIA,NL,3,11,10,2,2,0,0,0,1,0,1,1,2,0.2,0.273,0.2,0.473,31,2,0,0,0,0,0,/97,ramirha02
José Ramírez#,27,CLE,AL,58,254,219,45,64,16,1,17,46,10,3,31,43,0.292,0.386,0.607,0.993,167,133,2,3,0,1,0,*5/D,ramirjo01
Wilson Ramos,32,NYM,NL,45,155,142,13,34,6,0,5,15,0,0,10,31,0.239,0.297,0.387,0.684,87,55,5,2,0,1,0,*2/HD,ramoswi01
Rangel Ravelo,28,STL,NL,13,41,35,5,6,1,0,1,6,0,0,4,6,0.171,0.244,0.286,0.53,47,10,0,0,0,2,0,/D93H7,ravelra01
J.T. Realmuto,29,PHI,NL,47,195,173,33,46,6,0,11,32,4,1,16,48,0.266,0.349,0.491,0.84,124,85,3,6,0,0,0,2/D3H,realmjt01
Josh Reddick*,33,HOU,AL,56,210,188,22,46,11,1,4,23,1,0,20,42,0.245,0.316,0.378,0.693,89,71,5,0,0,1,0,*9/DH,reddijo01
Rob Refsnyder,29,TEX,AL,15,34,30,4,6,1,0,0,1,0,0,2,11,0.2,0.265,0.233,0.498,40,7,0,1,0,1,0,/D3H97,refsnro01
Anthony Rendon,30,LAA,AL,52,232,189,29,54,11,1,9,31,0,0,38,31,0.286,0.418,0.497,0.915,150,94,10,5,0,0,2,*5,rendoan01
Hunter Renfroe,28,TBR,AL,42,139,122,18,19,5,0,8,22,2,0,14,37,0.156,0.252,0.393,0.645,79,48,3,2,0,1,0,9/H3D,renfrhu01
Luis Rengifo#,23,LAA,AL,33,106,90,12,14,1,0,1,3,3,1,14,26,0.156,0.269,0.2,0.469,32,18,2,0,2,0,0,4/5H6,rengilu01
Franmil Reyes,24,CLE,AL,59,241,211,27,58,10,0,9,34,0,0,24,69,0.275,0.344,0.45,0.795,116,95,6,1,0,5,0,*D/7H,reyesfr01
Victor Reyes#,25,DET,AL,57,213,202,30,56,7,2,4,14,8,2,9,45,0.277,0.315,0.391,0.706,93,79,4,2,0,0,0,*879/H,reyesvi01
Bryan Reynolds#,25,PIT,NL,55,208,185,24,35,6,2,7,19,1,1,21,57,0.189,0.275,0.357,0.632,71,66,2,1,0,0,0,*78/HD,reynobr01
Matt Reynolds,29,KCR,AL,3,11,11,1,0,0,0,0,0,0,0,0,7,0,0,0,0,-100,0,0,0,0,0,0,/5,reynoma03
Joey Rickard,29,SFG,NL,4,6,5,1,0,0,0,0,0,0,0,1,1,0,0.167,0,0.167,-48,0,0,0,0,0,0,/9H,rickajo01
JT Riddle*,28,PIT,NL,23,69,67,8,10,2,0,1,1,1,0,2,13,0.149,0.174,0.224,0.398,8,15,0,0,0,0,0,5/687H934,riddljt01
Austin Riley,23,ATL,NL,51,206,188,24,45,7,1,8,27,0,0,16,49,0.239,0.301,0.415,0.716,86,78,5,1,0,1,1,*5/37,rileyau01
Edwin Rios*,26,LAD,NL,32,83,76,13,19,6,0,8,17,0,0,4,18,0.25,0.301,0.645,0.946,147,49,2,2,0,1,0,5/H3D,riosed01
René Rivera,36,NYM,NL,2,4,4,0,1,0,0,0,0,0,0,0,3,0.25,0.25,0.25,0.5,39,1,0,0,0,0,0,/2H,riverre01
Yadiel Rivera,28,TEX,AL,4,5,5,0,0,0,0,0,0,1,0,0,1,0,0,0,0,-100,0,0,0,0,0,0,/H634,riverya01
Anthony Rizzo*,30,CHC,NL,58,243,203,26,45,6,0,11,24,3,1,28,38,0.222,0.342,0.414,0.755,103,84,6,10,0,2,4,*3/DH,rizzoan01
Luis Robert Jr.,22,CHW,AL,56,227,202,33,47,8,0,11,31,9,2,20,73,0.233,0.302,0.436,0.738,100,88,4,1,0,2,0,*8/H,roberlu01
Daniel Robertson,26,SFG,NL,13,24,21,4,7,0,0,0,2,0,0,3,6,0.333,0.417,0.333,0.75,112,7,0,0,0,0,0,/6457HD9,roberda10
Victor Robles,23,WSN,NL,52,189,168,20,37,5,1,3,15,4,1,9,53,0.22,0.293,0.315,0.608,66,53,0,9,1,2,0,*8,roblevi01
Brendan Rodgers,23,COL,NL,7,21,21,1,2,1,0,0,2,0,0,0,6,0.095,0.095,0.143,0.238,-40,3,0,0,0,0,0,/4HD6,rodgebr02
Sean Rodríguez,35,MIA,NL,4,13,13,0,2,0,0,0,0,0,0,0,6,0.154,0.154,0.154,0.308,-16,2,0,0,0,0,0,/47,rodrise01
Josh Rojas*,26,ARI,NL,17,70,61,9,11,0,0,0,2,1,1,7,16,0.18,0.257,0.18,0.437,22,11,1,0,0,2,0,/4D67H,rojasjo01
Miguel Rojas,31,MIA,NL,40,143,125,20,38,10,1,4,20,5,1,16,18,0.304,0.392,0.496,0.888,138,62,1,2,0,0,2,6/35H,rojasmi02
Andrew Romine#,34,TEX,AL,2,4,4,1,1,1,0,0,0,0,0,0,1,0.25,0.25,0.5,0.75,100,2,0,0,0,0,0,/DH6,rominan01
Austin Romine,31,DET,AL,37,135,130,12,31,5,0,2,17,0,0,4,47,0.238,0.259,0.323,0.582,59,42,3,0,0,1,0,2/3,rominau01
Brent Rooker,25,MIN,AL,7,21,19,4,6,2,0,1,5,0,0,0,5,0.316,0.381,0.579,0.96,162,11,0,2,0,0,0,/9D7,rookebr01
Amed Rosario,24,NYM,NL,46,147,143,20,36,3,1,4,15,0,1,4,34,0.252,0.272,0.371,0.643,75,53,5,0,0,0,0,*6/H,rosaram01
Eddie Rosario*,28,MIN,AL,57,231,210,31,54,7,0,13,42,3,1,19,34,0.257,0.316,0.476,0.792,116,100,3,0,0,2,2,*7/DH,rosared01
Trevor Rosenthal,30,TOT,MLB,2,0,0,0,0,0,0,0,0,0,0,0,0,,,,,,0,0,0,0,0,0,1,rosentr01
Trevor Rosenthal,30,KCR,AL,1,0,0,0,0,0,0,0,0,0,0,0,0,,,,,,0,0,0,0,0,0,1,rosentr01
Trevor Rosenthal,30,SDP,NL,1,0,0,0,0,0,0,0,0,0,0,0,0,,,,,,0,0,0,0,0,0,/1,rosentr01
Darin Ruf,33,SFG,NL,40,100,87,11,24,6,0,5,18,1,0,13,23,0.276,0.37,0.517,0.887,142,45,1,0,0,0,0,7H/D39,rufda01
José Ruiz,25,CHW,AL,1,0,0,0,0,0,0,0,0,0,0,0,0,,,,,,0,0,0,0,0,0,/1,ruizjo01
Keibert Ruiz#,21,LAD,NL,2,8,8,1,2,0,0,1,1,0,0,0,3,0.25,0.25,0.625,0.875,126,5,0,0,0,0,0,/2,ruizke01
Rio Ruiz*,26,BAL,AL,54,204,185,25,41,11,0,9,32,1,2,17,46,0.222,0.286,0.427,0.713,90,79,4,0,1,1,1,*5/H47,ruizri01
Ali Sánchez,23,NYM,NL,5,10,9,0,1,0,0,0,0,0,0,1,3,0.111,0.2,0.111,0.311,-10,1,2,0,0,0,0,/2,sanchal04
Gary Sánchez,27,NYY,AL,49,178,156,19,23,4,0,10,24,0,0,18,64,0.147,0.253,0.365,0.618,70,57,6,4,0,0,0,*2/DH,sanchga02
Jesús Sánchez*,22,MIA,NL,10,29,25,1,1,1,0,0,2,0,0,4,11,0.04,0.172,0.08,0.252,-28,2,1,0,0,0,0,9/H,sanchje02
Yolmer Sanchez#,28,CHW,AL,11,21,16,7,5,3,0,1,1,0,0,5,5,0.313,0.476,0.688,1.164,216,11,1,0,0,0,0,/5HD641,sanchca01
Pablo Sandoval#,33,TOT,NL,34,94,84,5,18,1,0,1,6,0,0,8,19,0.214,0.287,0.262,0.549,54,22,3,1,0,1,0,DH/35,sandopa01
Pablo Sandoval#,33,SFG,NL,33,90,82,5,18,1,0,1,6,0,0,6,18,0.22,0.278,0.268,0.546,52,22,3,1,0,1,0,DH/35,sandopa01
Pablo Sandoval#,33,ATL,NL,1,4,2,0,0,0,0,0,0,0,0,2,1,0,0.5,0,0.5,50,0,0,0,0,0,0,/5,sandopa01
Miguel Sanó,27,MIN,AL,53,205,186,31,38,12,0,13,25,0,0,18,90,0.204,0.278,0.478,0.757,105,89,3,1,0,0,1,*3/D,sanomi01
Carlos Santana#,34,CLE,AL,60,255,206,34,41,7,0,8,30,0,0,47,43,0.199,0.349,0.35,0.699,93,72,5,1,0,1,1,*3,santaca01
Danny Santana#,29,TEX,AL,15,63,55,6,8,4,0,1,7,2,0,7,24,0.145,0.238,0.273,0.511,41,15,1,0,0,1,0,/38D7H,santada01
Domingo Santana,27,CLE,AL,24,84,70,6,11,3,0,2,12,0,0,13,25,0.157,0.298,0.286,0.583,62,20,2,1,0,0,0,9/7H,santado01
Anthony Santander#,25,BAL,AL,37,165,153,24,40,13,1,11,32,0,1,10,25,0.261,0.315,0.575,0.89,135,88,2,2,0,0,3,9/7D,santaan02
Scott Schebler*,29,ATL,NL,1,1,1,0,0,0,0,0,0,0,0,0,0,0,0,0,0,-100,0,0,0,0,0,0,/H9,schebsc01
Jonathan Schoop,28,DET,AL,44,177,162,26,45,4,2,8,23,0,0,8,39,0.278,0.324,0.475,0.799,116,77,8,4,0,2,0,*4,schoojo01
Max Schrock*,25,STL,NL,11,17,17,1,3,0,0,1,1,0,0,0,6,0.176,0.176,0.353,0.529,42,6,0,0,0,0,0,/4H5D1,schroma01
Kyle Schwarber*,27,CHC,NL,59,224,191,30,36,6,0,11,24,1,0,30,66,0.188,0.308,0.393,0.701,88,75,3,3,0,0,1,*7/DH,schwaky01
Corey Seager*,26,LAD,NL,52,232,212,38,65,12,1,15,41,1,0,17,37,0.307,0.358,0.585,0.943,150,124,8,1,0,2,0,*6/D,seageco01
Kyle Seager*,32,SEA,AL,60,248,203,35,49,12,0,9,40,5,0,32,33,0.241,0.355,0.433,0.788,121,88,4,7,0,6,3,*5/DH,seageky01
Jean Segura,30,PHI,NL,54,217,192,28,51,5,2,7,25,2,2,23,45,0.266,0.347,0.422,0.769,107,81,6,1,1,0,2,45/6D,segurje01
Marcus Semien,29,OAK,AL,53,236,211,28,47,9,1,7,23,4,0,25,50,0.223,0.305,0.374,0.679,89,79,3,0,0,0,0,*6,semiema01
Nick Senzel,25,CIN,NL,23,78,70,8,13,6,0,2,8,2,1,6,15,0.186,0.247,0.357,0.604,55,25,2,0,0,1,0,8/H,senzeni01
Pedro Severino,26,BAL,AL,48,178,160,17,40,5,1,5,21,1,0,16,40,0.25,0.322,0.388,0.71,92,62,3,1,1,0,0,2D/H,severpe01
Travis Shaw*,30,TOR,AL,50,180,163,17,39,10,0,6,17,0,0,16,50,0.239,0.306,0.411,0.717,95,67,4,0,0,1,0,53/HD,shawtr01
Magneuris Sierra*,24,MIA,NL,19,53,44,8,11,3,1,0,7,4,1,5,9,0.25,0.333,0.364,0.697,89,16,0,1,2,1,0,8/79HD,sierrma01
Andrelton Simmons,30,LAA,AL,30,127,118,19,35,7,0,0,10,2,0,8,16,0.297,0.346,0.356,0.702,94,42,5,1,0,0,0,6,simmoan01
Chance Sisco*,25,BAL,AL,36,121,98,11,21,4,0,4,10,0,0,17,41,0.214,0.364,0.378,0.741,103,37,1,6,0,0,0,2/DH,siscoch01
Austin Slater,27,SFG,NL,31,104,85,18,24,2,1,5,7,8,1,16,22,0.282,0.408,0.506,0.914,151,43,2,2,1,0,0,D/9H7,slateau01
Dominic Smith*,25,NYM,NL,50,199,177,27,56,21,1,10,42,0,0,14,45,0.316,0.377,0.616,0.993,168,109,2,5,0,3,0,37/DH,smithdo02
Dwight Smith Jr.*,27,BAL,AL,21,72,63,9,14,3,0,2,6,1,0,7,19,0.222,0.306,0.365,0.671,82,23,1,1,0,1,1,7/DH,smithdw02
Kevan Smith,32,TBR,AL,17,38,31,3,8,3,0,1,8,0,0,5,11,0.258,0.378,0.452,0.83,134,14,1,1,0,0,0,2/HD,smithke04
Mallex Smith*,27,SEA,AL,14,47,45,2,6,2,0,0,3,2,0,2,13,0.133,0.17,0.178,0.348,-2,8,1,0,0,0,0,9/8,smithma05
Pavin Smith*,24,ARI,NL,12,44,37,7,10,0,1,1,4,1,0,5,8,0.27,0.341,0.405,0.746,102,15,0,0,0,2,0,/37D9,smithpa04
Will Smith,25,LAD,NL,37,137,114,23,33,9,0,8,25,0,0,20,22,0.289,0.401,0.579,0.98,162,66,2,2,0,1,1,2/DH,smithwi05
Justin Smoak#,33,TOT,NL,36,132,119,14,21,7,0,5,15,0,0,10,42,0.176,0.25,0.361,0.611,62,43,4,2,0,1,0,3/HD,smoakju01
Justin Smoak#,33,MIL,NL,33,126,113,14,21,7,0,5,15,0,0,10,40,0.186,0.262,0.381,0.642,69,43,3,2,0,1,0,3/HD,smoakju01
Justin Smoak#,33,SFG,NL,3,6,6,0,0,0,0,0,0,0,0,0,2,0,0,0,0,-100,0,1,0,0,0,0,/DH,smoakju01
Eric Sogard*,34,MIL,NL,43,128,115,10,24,5,0,1,10,0,0,11,20,0.209,0.281,0.278,0.56,51,32,1,1,0,1,0,5H/46D7,sogarer01
Nick Solak,25,TEX,AL,58,233,209,27,56,10,0,2,23,7,1,18,42,0.268,0.326,0.344,0.671,86,72,6,2,0,4,0,748/D3H,solakni01
Donovan Solano,32,SFG,NL,54,203,190,22,62,15,1,3,29,0,0,10,39,0.326,0.365,0.463,0.828,127,88,2,2,0,1,0,*4/5H6,solando01
Jorge Soler,28,KCR,AL,43,174,149,17,34,8,0,8,24,0,0,19,60,0.228,0.326,0.443,0.769,106,66,3,3,0,1,0,D/9H,solerjo01
Elliot Soto,30,LAA,AL,3,7,6,2,2,1,0,0,0,0,0,1,1,0.333,0.429,0.5,0.929,154,3,0,0,0,0,0,/64H,sotoel01
Juan Soto*,21,WSN,NL,47,196,154,39,54,14,0,13,37,6,2,41,28,0.351,0.49,0.695,1.185,217,107,1,1,0,0,12,*7/9D,sotoju01
Steven Souza Jr.,31,CHC,NL,11,31,27,3,4,2,0,1,5,1,0,4,15,0.148,0.258,0.333,0.591,58,9,0,0,0,0,0,/97HD,souzast01
George Springer,30,HOU,AL,51,222,189,37,50,6,2,14,32,1,2,24,38,0.265,0.359,0.54,0.899,141,102,3,5,0,2,0,*8/9DH,springe01
Jacob Stallings,30,PIT,NL,42,143,125,13,31,7,0,3,18,0,0,15,40,0.248,0.326,0.376,0.702,91,47,2,0,2,1,0,*2,stallja01
Giancarlo Stanton,30,NYY,AL,23,94,76,12,19,7,0,4,11,1,1,15,27,0.25,0.387,0.5,0.887,145,38,4,2,0,0,1,D,stantmi03
Bubba Starling,27,KCR,AL,35,64,59,5,10,1,0,1,5,0,0,4,27,0.169,0.219,0.237,0.456,24,14,0,0,0,1,0,8/HD79,starlbu01
Max Stassi,29,LAA,AL,31,105,90,12,25,2,0,7,20,0,0,11,21,0.278,0.352,0.533,0.886,138,48,5,1,0,3,0,2/H,stassma01
Tyler Stephenson,23,CIN,NL,8,20,17,4,5,0,0,2,6,0,0,2,9,0.294,0.4,0.647,1.047,167,11,0,1,0,0,0,/2DH,stephty01
Andrew Stevenson*,26,WSN,NL,15,47,41,11,15,7,1,2,12,2,0,5,11,0.366,0.447,0.732,1.179,212,30,0,1,0,0,0,/79H8,stevean01
Christin Stewart*,26,DET,AL,36,99,90,6,15,3,0,3,9,0,0,5,30,0.167,0.224,0.3,0.524,43,27,2,2,0,1,0,7/HD,stewach02
DJ Stewart*,26,BAL,AL,31,112,88,13,17,2,0,7,15,0,0,20,38,0.193,0.355,0.455,0.809,118,40,0,2,2,0,0,97/H,stewadj01
Trevor Story,27,COL,NL,59,259,235,41,68,13,4,11,28,15,3,24,63,0.289,0.355,0.519,0.874,120,122,5,0,0,0,1,*6/D,storytr01
Matt Strahm,28,SDP,NL,1,0,0,0,0,0,0,0,0,0,0,0,0,,,,,,0,0,0,0,0,0,1,strahma01
Dee Strange-Gordon*,32,SEA,AL,33,82,75,12,15,1,0,0,3,3,2,5,13,0.2,0.268,0.213,0.482,39,16,1,2,0,0,0,47/H6D,gordode01
Myles Straw,25,HOU,AL,33,86,82,8,17,4,0,0,8,6,2,4,22,0.207,0.244,0.256,0.5,37,21,0,0,0,0,0,8/HD6,strawmy01
Garrett Stubbs*,27,HOU,AL,14,10,8,1,1,0,0,0,1,0,1,0,0,0.125,0.111,0.125,0.236,-35,1,0,0,1,1,0,/2H7,stubbga01
Eugenio Suárez,28,CIN,NL,57,231,198,29,40,8,0,15,38,2,0,30,67,0.202,0.312,0.47,0.781,100,93,5,2,0,1,1,*5,suareeu01
Andrew Susac,30,PIT,NL,1,4,2,0,0,0,0,0,0,0,0,2,0,0,0.5,0,0.5,55,0,0,0,0,0,0,/2,susacan01
Kurt Suzuki,36,WSN,NL,33,129,111,15,30,8,0,2,17,1,0,11,19,0.27,0.349,0.396,0.745,102,44,4,4,0,3,0,2/DH,suzukku01
Dansby Swanson,26,ATL,NL,60,264,237,49,65,15,0,10,35,5,0,22,71,0.274,0.345,0.464,0.809,111,110,0,4,0,1,0,*6,swansda01
Raimel Tapia*,26,COL,NL,51,206,184,26,59,8,2,1,17,8,2,14,38,0.321,0.369,0.402,0.772,98,74,3,2,1,3,0,7D/H9,tapiara01
Fernando Tatis Jr.,21,SDP,NL,59,257,224,50,62,11,2,17,45,11,3,27,61,0.277,0.366,0.571,0.937,156,128,6,5,0,1,1,*6/D,tatisfe02
Mike Tauchman*,29,NYY,AL,43,111,95,18,23,6,0,0,14,6,0,14,26,0.242,0.342,0.305,0.648,84,29,3,1,0,1,3,*79/8HD,tauchmi01
Leody Taveras#,21,TEX,AL,33,134,119,20,27,6,1,4,6,8,0,14,43,0.227,0.308,0.395,0.703,93,47,0,0,1,0,0,8,taverle01
Beau Taylor*,30,CLE,AL,7,24,21,1,1,0,0,0,2,0,0,2,9,0.048,0.13,0.048,0.178,-48,1,0,0,1,0,0,/2,taylobe11
Chris Taylor,29,LAD,NL,56,214,185,30,50,10,2,8,32,3,2,26,55,0.27,0.366,0.476,0.842,127,88,3,2,1,0,0,674/8DH,tayloch03
Michael A. Taylor,29,WSN,NL,38,99,92,11,18,6,0,5,16,0,0,6,27,0.196,0.253,0.424,0.676,79,39,2,1,0,0,0,789/HD,taylomi02
Tyrone Taylor,26,MIL,NL,22,41,38,6,9,4,0,2,6,0,0,2,8,0.237,0.293,0.5,0.793,107,19,1,1,0,0,0,9/8H7,tayloty01
Anderson Tejeda#,22,TEX,AL,23,77,75,7,19,4,1,3,8,4,1,2,30,0.253,0.273,0.453,0.726,96,34,2,0,0,0,0,6/4D,tejedan01
Rowdy Tellez*,25,TOR,AL,35,127,113,20,32,5,0,8,23,0,1,11,20,0.283,0.346,0.54,0.886,139,61,1,1,0,2,1,3D/H,tellero01
Matt Thaiss*,25,LAA,AL,8,25,21,3,3,0,0,1,1,0,0,4,8,0.143,0.28,0.286,0.566,56,6,1,0,0,0,0,/3D457H,thaisma01
Eric Thames*,33,WSN,NL,41,140,123,10,25,5,0,3,12,1,0,14,42,0.203,0.3,0.317,0.617,68,39,2,3,0,0,1,3D/H,thameer01
Lane Thomas,24,STL,NL,18,40,36,5,4,2,0,1,2,0,0,4,13,0.111,0.2,0.25,0.45,24,9,1,0,0,0,0,9/8H,thomala02
Abraham Toro#,23,HOU,AL,33,97,87,13,13,2,0,3,9,1,1,3,23,0.149,0.237,0.276,0.513,40,24,1,7,0,0,0,5DH/34,toroab01
Luis Torrens,24,TOT,MLB,25,78,70,5,18,5,0,1,6,0,0,7,15,0.257,0.325,0.371,0.696,96,26,1,0,1,0,0,2/HD,torrelu01
Luis Torrens,24,SDP,NL,7,13,11,0,3,1,0,0,0,0,0,1,2,0.273,0.333,0.364,0.697,95,4,0,0,1,0,0,/2,torrelu01
Luis Torrens,24,SEA,AL,18,65,59,5,15,4,0,1,6,0,0,6,13,0.254,0.323,0.373,0.696,96,22,1,0,0,0,0,2/HD,torrelu01
Gleyber Torres,23,NYY,AL,42,160,136,17,33,8,0,3,16,1,0,22,28,0.243,0.356,0.368,0.724,103,50,5,2,0,0,0,*6/H,torregl01
Ronald Torreyes,27,PHI,NL,4,7,7,1,1,1,0,0,0,0,0,0,0,0.143,0.143,0.286,0.429,12,2,1,0,0,0,0,/648,torrero01
Jose Trevino,27,TEX,AL,24,83,76,10,19,8,0,2,9,0,0,3,15,0.25,0.28,0.434,0.715,94,33,1,1,1,2,0,2/D3H,trevijo01
Chadwick Tromp,25,SFG,NL,24,64,61,11,13,1,0,4,10,0,0,1,20,0.213,0.219,0.426,0.645,72,26,3,0,0,2,0,2/DH,trompch01
Mike Trout,28,LAA,AL,53,241,199,41,56,9,2,17,46,1,1,35,56,0.281,0.39,0.603,0.993,167,120,1,3,0,4,4,*8/D,troutmi01
Yoshi Tsutsugo*,28,TBR,AL,51,185,157,27,31,5,1,8,24,0,0,26,50,0.197,0.314,0.395,0.708,99,62,5,1,0,1,1,D75/H,tsutsyo01
Cole Tucker#,23,PIT,NL,37,116,109,17,24,3,0,1,8,1,0,5,31,0.22,0.252,0.275,0.527,44,30,3,0,1,1,0,89/H4D,tuckeco01
Kyle Tucker*,23,HOU,AL,58,228,209,33,56,12,6,9,42,8,1,18,46,0.268,0.325,0.512,0.837,124,107,2,0,0,1,2,*7D/9H,tuckeky01
Justin Turner,35,LAD,NL,42,175,150,26,46,9,1,4,23,1,0,18,26,0.307,0.4,0.46,0.86,133,69,2,6,0,1,0,5D,turneju01
Trea Turner,27,WSN,NL,59,259,233,46,78,15,4,12,41,12,4,22,36,0.335,0.394,0.588,0.982,162,137,5,2,0,2,0,*6,turnetr01
Justin Upton,32,LAA,AL,42,166,147,20,30,5,0,9,22,0,2,11,43,0.204,0.289,0.422,0.711,92,62,6,7,0,1,0,7/D,uptonju01
Luis Urías,23,MIL,NL,41,120,109,11,26,4,1,0,11,2,2,10,32,0.239,0.308,0.294,0.602,63,32,4,1,0,0,0,54/6H,uriaslu01
Ramón Urías,26,BAL,AL,10,27,25,3,9,2,0,1,3,0,0,2,6,0.36,0.407,0.56,0.967,160,14,1,0,0,0,0,/64H,uriasra01
Gio Urshela,28,NYY,AL,43,174,151,24,45,11,0,6,30,1,0,18,25,0.298,0.368,0.49,0.858,137,74,6,1,0,4,0,*5/H,urshegi01
Pat Valaika,27,BAL,AL,52,150,141,24,39,4,0,8,16,0,2,8,34,0.277,0.315,0.475,0.791,111,67,3,0,1,0,0,634/H579,valaipa01
César Valdez,35,BAL,AL,1,0,0,0,0,0,0,0,0,0,0,0,0,,,,,,0,0,0,0,0,0,/1,valdece01
Josh VanMeter*,25,TOT,NL,26,79,70,9,9,3,0,2,6,1,0,7,24,0.129,0.228,0.257,0.485,29,18,0,2,0,0,0,4/DH35,vanmejo01
Josh VanMeter*,25,CIN,NL,14,38,34,3,2,1,0,1,1,1,0,3,16,0.059,0.158,0.176,0.334,-13,6,0,1,0,0,0,/4DH3,vanmejo01
Josh VanMeter*,25,ARI,NL,12,41,36,6,7,2,0,1,5,0,0,4,8,0.194,0.293,0.333,0.626,70,12,0,1,0,0,0,4/5H,vanmejo01
Ildemaro Vargas#,28,TOT,MLB,24,54,51,6,10,1,1,1,3,0,0,2,10,0.196,0.222,0.314,0.536,45,16,2,0,0,1,0,4/H35,vargail01
Ildemaro Vargas#,28,TOT,NL,14,30,29,3,5,0,0,1,1,0,0,1,8,0.172,0.2,0.276,0.476,27,8,1,0,0,0,0,/43H5,vargail01
Ildemaro Vargas#,28,ARI,NL,8,21,20,2,3,0,0,0,0,0,0,1,5,0.15,0.19,0.15,0.34,-5,3,1,0,0,0,0,/34H5,vargail01
Ildemaro Vargas#,28,MIN,AL,10,24,22,3,5,1,1,0,2,0,0,1,2,0.227,0.25,0.364,0.614,68,8,1,0,0,1,0,/4H5,vargail01
Ildemaro Vargas#,28,CHC,NL,6,9,9,1,2,0,0,1,1,0,0,0,3,0.222,0.222,0.556,0.778,100,5,0,0,0,0,0,/4H5,vargail01
Daulton Varsho*,23,ARI,NL,37,115,101,16,19,5,2,3,9,3,1,12,33,0.188,0.287,0.366,0.653,76,37,1,2,0,0,0,82/D7H,varshda01
Christian Vázquez,29,BOS,AL,47,189,173,22,49,9,0,7,23,4,3,16,43,0.283,0.344,0.457,0.801,111,79,6,0,0,0,0,*2/D4H,vazquch01
Andrew Velazquez#,25,BAL,AL,40,77,63,11,10,1,1,0,3,4,2,10,23,0.159,0.274,0.206,0.48,34,13,2,0,4,0,0,6H/784,velazan01
Alex Verdugo*,24,BOS,AL,53,221,201,36,62,16,0,6,15,4,0,17,45,0.308,0.367,0.478,0.844,123,96,4,2,0,1,1,*97/H8D,verdual01
Jonathan Villar#,29,TOT,MLB,52,207,185,13,43,5,0,2,15,16,5,19,54,0.232,0.301,0.292,0.593,63,54,2,0,1,2,1,46/DH8,villajo01
Jonathan Villar#,29,MIA,NL,30,128,116,10,30,4,0,2,9,9,5,10,32,0.259,0.315,0.345,0.66,79,40,2,0,1,1,1,64/D8H,villajo01
Jonathan Villar#,29,TOR,AL,22,79,69,3,13,1,0,0,6,7,0,9,22,0.188,0.278,0.203,0.481,36,14,0,0,0,1,0,4/6DH,villajo01
Meibrys Viloria*,23,KCR,AL,15,24,21,1,4,1,0,0,0,0,0,2,9,0.19,0.292,0.238,0.53,47,5,0,1,0,0,0,2,vilorme01
Daniel Vogelbach*,27,TOT,MLB,39,136,115,16,24,3,0,6,16,0,0,20,33,0.209,0.331,0.391,0.722,98,45,3,1,0,0,1,D/H3,vogelda01
Daniel Vogelbach*,27,TOT,AL,20,69,57,3,5,1,0,2,4,0,0,12,15,0.088,0.246,0.211,0.457,31,12,1,0,0,0,1,D/H,vogelda01
Daniel Vogelbach*,27,SEA,AL,18,64,53,3,5,1,0,2,4,0,0,11,13,0.094,0.25,0.226,0.476,36,12,1,0,0,0,1,D/H,vogelda01
Daniel Vogelbach*,27,TOR,AL,2,5,4,0,0,0,0,0,0,0,0,1,2,0,0.2,0,0.2,-37,0,0,0,0,0,0,/DH,vogelda01
Daniel Vogelbach*,27,MIL,NL,19,67,58,13,19,2,0,4,12,0,0,8,18,0.328,0.418,0.569,0.987,161,33,2,1,0,0,0,D/3H,vogelda01
Stephen Vogt*,35,ARI,NL,26,81,72,6,12,5,0,1,7,0,0,8,18,0.167,0.247,0.278,0.525,43,20,1,0,0,1,0,2/H3D,vogtst01
Luke Voit,29,NYY,AL,56,234,213,41,59,5,0,22,52,0,0,17,54,0.277,0.338,0.61,0.948,157,130,4,3,0,1,0,*3/DH,voitlu01
Joey Votto*,36,CIN,NL,54,223,186,32,42,8,0,11,22,0,0,37,43,0.226,0.354,0.446,0.8,107,83,5,0,0,0,1,*3/D,vottojo01
LaMonte Wade Jr.*,26,MIN,AL,16,44,39,3,9,3,0,0,1,1,1,4,9,0.231,0.318,0.308,0.626,76,12,0,1,0,0,0,/38H79D,wadela01
Tyler Wade*,25,NYY,AL,52,105,88,19,15,3,0,3,10,4,1,12,22,0.17,0.288,0.307,0.595,67,27,1,3,1,1,0,46/H,wadety01
Marcus Walden,31,BOS,AL,1,0,0,0,0,0,0,0,0,0,0,0,0,,,,,,0,0,0,0,0,0,1,waldema01
Christian Walker,29,ARI,NL,57,243,218,35,59,18,1,7,34,1,1,19,50,0.271,0.333,0.459,0.792,112,100,6,3,0,3,0,*3D/H,walkech02
Neil Walker#,34,PHI,NL,18,41,39,5,9,3,0,0,3,0,0,1,13,0.231,0.244,0.308,0.552,48,12,0,0,0,1,0,/4HD3571,walkene01
Chad Wallach,28,MIA,NL,15,48,44,4,10,3,0,1,6,0,0,3,12,0.227,0.277,0.364,0.64,71,16,1,0,1,0,0,2/H,wallach01
Jared Walsh*,26,LAA,AL,32,108,99,19,29,4,2,9,26,0,0,5,15,0.293,0.324,0.646,0.971,157,64,0,1,0,3,0,3/H9D,walshja01
Donovan Walton*,26,SEA,AL,5,14,13,0,2,1,0,0,3,0,1,1,5,0.154,0.214,0.231,0.445,26,3,1,0,0,0,0,/64,waltodo01
Taylor Ward,26,LAA,AL,34,102,94,16,26,6,2,0,5,2,0,8,28,0.277,0.333,0.383,0.716,96,36,1,0,0,0,0,97/H3D,wardta01
Joey Wendle*,30,TBR,AL,50,184,168,24,48,9,2,4,17,8,2,10,35,0.286,0.342,0.435,0.777,118,73,1,5,0,1,1,546/H,wendljo01
Eli White,26,TEX,AL,19,52,48,5,9,2,0,0,3,1,1,3,16,0.188,0.231,0.229,0.46,28,11,0,0,0,1,0,7/9H8D,whiteel04
Evan White,24,SEA,AL,54,202,182,19,32,7,0,8,26,1,2,18,84,0.176,0.252,0.346,0.599,66,63,3,1,0,1,0,*3/H,whiteev01
Aaron Whitefield,23,MIN,AL,3,1,1,1,0,0,0,0,0,0,0,0,0,0,0,0,0,-100,0,0,0,0,0,0,/8H,whiteaa01
Rowan Wick*,27,CHC,NL,1,0,0,0,0,0,0,0,0,0,0,0,0,,,,,,0,0,0,0,0,0,1,wickro01
Matt Wieters#,34,STL,NL,19,41,35,3,7,1,0,0,4,0,0,3,10,0.2,0.3,0.229,0.529,50,8,1,2,1,0,0,2/H,wietema01
Justin Williams*,24,STL,NL,3,6,5,0,1,0,0,0,0,0,0,1,2,0.2,0.333,0.2,0.533,54,1,0,0,0,0,0,/9DH,williju02
Mason Williams*,28,BAL,AL,10,18,18,0,2,0,1,0,0,0,1,0,9,0.111,0.111,0.222,0.333,-13,4,0,0,0,0,0,/78H9,willima10
Taylor Williams#,28,TOT,MLB,1,0,0,0,0,0,0,0,0,0,0,0,0,,,,,,0,0,0,0,0,0,1,willita01
Taylor Williams#,28,SEA,AL,1,0,0,0,0,0,0,0,0,0,0,0,0,,,,,,0,0,0,0,0,0,1,willita01
Jesse Winker*,26,CIN,NL,54,183,149,27,38,7,0,12,23,1,0,28,46,0.255,0.388,0.544,0.932,139,81,3,5,0,1,0,D7/H9,winkeje01
Dan Winkler,30,CHC,NL,3,0,0,0,0,0,0,0,0,0,0,0,0,,,,,,0,0,0,0,0,0,1,winklda01
Patrick Wisdom,28,CHC,NL,2,2,2,0,0,0,0,0,0,0,0,0,0,0,0,0,0,-100,0,0,0,0,0,0,/3H,wisdopa01
Tony Wolters*,28,COL,NL,42,109,100,10,23,4,0,0,8,0,0,6,30,0.23,0.28,0.27,0.55,42,27,1,1,2,0,0,2/4H,wolteto01
Kolten Wong*,29,STL,NL,53,208,181,26,48,4,2,1,16,5,2,20,30,0.265,0.35,0.326,0.675,90,59,1,4,2,1,1,*4/H,wongko01
Jake Woodford,23,STL,NL,1,0,0,0,0,0,0,0,0,0,0,0,0,,,,,,0,0,0,0,0,0,1,woodfja01
Mike Yastrzemski*,29,SFG,NL,54,225,192,39,57,14,4,10,35,2,1,30,55,0.297,0.4,0.568,0.968,164,109,2,3,0,0,2,*98/7H,yastrmi01
Christian Yelich*,28,MIL,NL,58,247,200,39,41,7,1,12,22,4,2,46,76,0.205,0.356,0.43,0.786,110,86,4,1,0,0,2,*7/D,yelicch01
Andrew Young,26,ARI,NL,12,34,26,3,5,2,0,1,4,0,0,5,10,0.192,0.382,0.385,0.767,110,10,0,3,0,0,0,/4D5H7,youngan02
Bradley Zimmer*,27,CLE,AL,20,50,37,3,6,0,0,1,3,2,1,7,14,0.162,0.36,0.243,0.603,71,9,2,5,0,1,0,/789H,zimmebr01
Mike Zunino,29,TBR,AL,28,84,75,8,11,4,0,4,10,0,0,6,37,0.147,0.238,0.36,0.598,66,27,0,3,0,0,0,2,zuninmi01
LgAvg per 600 PA,,,,171,600,533,75,130,25,2,21,71,8,3,55,140,0.244,0.321,0.415,0.736,,221,11,7,1,4,2,,-9999